update,steps,return_mean,return_std,best
1,2048,26.53558349609375,12.312281608581543,26.53558349609375
2,4096,24.015247344970703,13.771767616271973,26.53558349609375
3,6144,47.01862716674805,2.828026056289673,47.01862716674805
4,8192,43.64963150024414,1.6609457731246948,47.01862716674805
5,10240,34.76158905029297,1.1536935567855835,47.01862716674805
6,12288,30.843734741210938,0.8519078493118286,47.01862716674805
7,14336,27.683629989624023,1.5543462038040161,47.01862716674805
8,16384,27.01214599609375,1.4743136167526245,47.01862716674805
9,18432,23.422290802001953,1.605836272239685,47.01862716674805
10,20480,23.224943161010742,2.039715051651001,47.01862716674805
11,22528,22.966014862060547,0.722533643245697,47.01862716674805
12,24576,23.282094955444336,0.8239015936851501,47.01862716674805
13,26624,22.71307373046875,1.0583133697509766,47.01862716674805
14,28672,21.674549102783203,0.7923172116279602,47.01862716674805
15,30720,21.5936336517334,1.0897198915481567,47.01862716674805
16,32768,20.263559341430664,0.8165412545204163,47.01862716674805
17,34816,20.714244842529297,0.9368730783462524,47.01862716674805
18,36864,19.635517120361328,1.3219777345657349,47.01862716674805
19,38912,19.497947692871094,0.820091962814331,47.01862716674805
20,40960,19.336563110351562,0.5874506831169128,47.01862716674805
21,43008,19.2403564453125,0.6342335939407349,47.01862716674805
22,45056,20.20090103149414,0.9045509099960327,47.01862716674805
23,47104,19.438364028930664,0.936221718788147,47.01862716674805
24,49152,18.44930648803711,1.8474323749542236,47.01862716674805
25,51200,19.178638458251953,1.409454345703125,47.01862716674805
26,53248,19.53757095336914,0.6530669331550598,47.01862716674805
27,55296,19.49837875366211,1.169079065322876,47.01862716674805
28,57344,20.17852210998535,0.418926864862442,47.01862716674805
29,59392,18.38942527770996,0.8447074294090271,47.01862716674805
30,61440,18.646060943603516,2.53273606300354,47.01862716674805
31,63488,19.121187210083008,0.9401617646217346,47.01862716674805
32,65536,18.927265167236328,0.7745576500892639,47.01862716674805
33,67584,18.200721740722656,2.9730587005615234,47.01862716674805
34,69632,17.97127914428711,1.5613336563110352,47.01862716674805
35,71680,19.25238609313965,0.5926198363304138,47.01862716674805
36,73728,19.424224853515625,0.451360285282135,47.01862716674805
37,75776,18.28899383544922,1.261066198348999,47.01862716674805
38,77824,18.062232971191406,0.672389805316925,47.01862716674805
39,79872,17.578857421875,2.263007879257202,47.01862716674805
40,81920,18.689697265625,1.218578577041626,47.01862716674805
41,83968,17.304645538330078,1.7660881280899048,47.01862716674805
42,86016,17.862743377685547,2.54056715965271,47.01862716674805
43,88064,17.741653442382812,1.054000973701477,47.01862716674805
44,90112,18.311504364013672,0.32482507824897766,47.01862716674805
45,92160,18.124774932861328,1.2879478931427002,47.01862716674805
46,94208,18.785886764526367,1.2296814918518066,47.01862716674805
47,96256,18.12600326538086,0.8022785782814026,47.01862716674805
48,98304,18.61147117614746,1.1701712608337402,47.01862716674805
49,100352,18.65656089782715,0.23001976311206818,47.01862716674805
50,102400,18.821666717529297,0.9868083000183105,47.01862716674805
51,104448,18.3422908782959,0.4115661084651947,47.01862716674805
52,106496,18.496166229248047,0.9974355697631836,47.01862716674805
53,108544,18.174575805664062,1.2564929723739624,47.01862716674805
54,110592,19.017059326171875,1.0690301656723022,47.01862716674805
55,112640,19.166898727416992,0.5122173428535461,47.01862716674805
56,114688,16.15314292907715,3.4574978351593018,47.01862716674805
57,116736,18.59912109375,1.2651731967926025,47.01862716674805
58,118784,17.84739875793457,3.1013078689575195,47.01862716674805
59,120832,16.47733497619629,2.8272905349731445,47.01862716674805
60,122880,16.062999725341797,2.258887529373169,47.01862716674805
61,124928,16.031841278076172,2.540282726287842,47.01862716674805
62,126976,18.470096588134766,0.8302212357521057,47.01862716674805
63,129024,17.88625717163086,1.0313372611999512,47.01862716674805
64,131072,17.993144989013672,1.4800771474838257,47.01862716674805
65,133120,18.894699096679688,1.5839017629623413,47.01862716674805
66,135168,18.246227264404297,1.3561406135559082,47.01862716674805
67,137216,18.634906768798828,0.5630158185958862,47.01862716674805
68,139264,18.196670532226562,1.7196650505065918,47.01862716674805
69,141312,18.274677276611328,1.128424048423767,47.01862716674805
70,143360,17.69721031188965,0.6315776705741882,47.01862716674805
71,145408,17.01351547241211,1.190741777420044,47.01862716674805
72,147456,18.725902557373047,0.4518465995788574,47.01862716674805
73,149504,18.662059783935547,0.49952027201652527,47.01862716674805
74,151552,17.19577980041504,1.8433834314346313,47.01862716674805
75,153600,17.545154571533203,0.9689735174179077,47.01862716674805
76,155648,17.858600616455078,3.3391778469085693,47.01862716674805
77,157696,17.660537719726562,1.8181242942810059,47.01862716674805
78,159744,18.657596588134766,0.614346981048584,47.01862716674805
79,161792,17.4997501373291,1.915748953819275,47.01862716674805
80,163840,15.775918960571289,5.392143249511719,47.01862716674805
81,165888,17.15249252319336,2.273643970489502,47.01862716674805
82,167936,17.173404693603516,1.7884842157363892,47.01862716674805
83,169984,14.776759147644043,4.052156448364258,47.01862716674805
84,172032,17.353435516357422,2.014472246170044,47.01862716674805
85,174080,16.578638076782227,2.653435468673706,47.01862716674805
86,176128,18.123430252075195,1.308324933052063,47.01862716674805
87,178176,16.709665298461914,4.2302422523498535,47.01862716674805
88,180224,15.809880256652832,4.135377883911133,47.01862716674805
89,182272,14.0698881149292,4.725229263305664,47.01862716674805
90,184320,17.81027603149414,1.9802796840667725,47.01862716674805
91,186368,17.89925765991211,1.7586292028427124,47.01862716674805
92,188416,18.520158767700195,1.308523416519165,47.01862716674805
93,190464,18.720905303955078,0.7796469926834106,47.01862716674805
94,192512,17.521549224853516,2.4322357177734375,47.01862716674805
95,194560,17.637598037719727,0.9557896256446838,47.01862716674805
96,196608,19.114795684814453,0.32907789945602417,47.01862716674805
97,198656,17.579286575317383,2.081404447555542,47.01862716674805
98,200704,18.54471778869629,1.1704304218292236,47.01862716674805
99,202752,18.823017120361328,0.91286700963974,47.01862716674805
100,204800,18.821632385253906,1.677648663520813,47.01862716674805
101,206848,18.653614044189453,0.5435782074928284,47.01862716674805
102,208896,18.326519012451172,0.5734007358551025,47.01862716674805
103,210944,18.39809226989746,1.5571998357772827,47.01862716674805
104,212992,18.84851837158203,1.4004261493682861,47.01862716674805
105,215040,17.80703353881836,2.7106924057006836,47.01862716674805
106,217088,19.11333656311035,0.5961160063743591,47.01862716674805
107,219136,19.90665626525879,0.6023841500282288,47.01862716674805
108,221184,18.08805274963379,1.9330202341079712,47.01862716674805
109,223232,19.086631774902344,1.0541980266571045,47.01862716674805
110,225280,19.52562141418457,0.5939497351646423,47.01862716674805
111,227328,19.201480865478516,0.6354370713233948,47.01862716674805
112,229376,17.809406280517578,2.413581371307373,47.01862716674805
113,231424,19.172271728515625,1.0859496593475342,47.01862716674805
114,233472,17.95958137512207,2.146054744720459,47.01862716674805
115,235520,19.319942474365234,0.907639741897583,47.01862716674805
116,237568,18.103736877441406,1.3641843795776367,47.01862716674805
117,239616,17.831161499023438,2.0785794258117676,47.01862716674805
118,241664,19.289169311523438,0.8809361457824707,47.01862716674805
119,243712,17.5836238861084,2.413228750228882,47.01862716674805
120,245760,17.267093658447266,2.952289342880249,47.01862716674805
121,247808,18.12562370300293,3.132070302963257,47.01862716674805
122,249856,11.25157356262207,4.828779697418213,47.01862716674805
123,251904,18.72321128845215,1.341599941253662,47.01862716674805
124,253952,16.97856903076172,3.6300814151763916,47.01862716674805
125,256000,19.176860809326172,0.7269911170005798,47.01862716674805
126,258048,19.11747169494629,0.5139057636260986,47.01862716674805
127,260096,17.79566764831543,2.1399738788604736,47.01862716674805
128,262144,18.751163482666016,0.7708475589752197,47.01862716674805
129,264192,16.722270965576172,0.6809229254722595,47.01862716674805
130,266240,16.485702514648438,2.6574478149414062,47.01862716674805
131,268288,17.095996856689453,1.1394453048706055,47.01862716674805
132,270336,15.223653793334961,2.0859689712524414,47.01862716674805
133,272384,16.765426635742188,2.903705358505249,47.01862716674805
134,274432,17.5997371673584,1.9253140687942505,47.01862716674805
135,276480,16.32355499267578,1.9507659673690796,47.01862716674805
136,278528,18.2458438873291,2.625532865524292,47.01862716674805
137,280576,17.17250633239746,1.0923799276351929,47.01862716674805
138,282624,17.821279525756836,1.4111912250518799,47.01862716674805
139,284672,18.31549072265625,0.7907997369766235,47.01862716674805
140,286720,17.41979217529297,1.3162448406219482,47.01862716674805
141,288768,18.25516128540039,1.0065717697143555,47.01862716674805
142,290816,16.899776458740234,0.8186001181602478,47.01862716674805
143,292864,18.118520736694336,0.4959419071674347,47.01862716674805
144,294912,17.54350471496582,1.7492585182189941,47.01862716674805
145,296960,17.722412109375,1.456452488899231,47.01862716674805
146,299008,17.266862869262695,1.9124914407730103,47.01862716674805
147,301056,16.447338104248047,2.642495632171631,47.01862716674805
148,303104,15.153120040893555,0.9256269931793213,47.01862716674805
149,305152,16.261608123779297,1.2480674982070923,47.01862716674805
150,307200,18.377771377563477,0.968176007270813,47.01862716674805
151,309248,16.92963218688965,1.6326473951339722,47.01862716674805
152,311296,17.880538940429688,1.3861151933670044,47.01862716674805
153,313344,17.78569221496582,1.2338358163833618,47.01862716674805
154,315392,17.311845779418945,2.048203706741333,47.01862716674805
155,317440,17.642208099365234,1.5762543678283691,47.01862716674805
156,319488,18.705320358276367,1.236948013305664,47.01862716674805
157,321536,18.704130172729492,0.7812879681587219,47.01862716674805
158,323584,17.899667739868164,1.4214439392089844,47.01862716674805
159,325632,18.463342666625977,1.120861530303955,47.01862716674805
160,327680,18.010547637939453,0.6154614090919495,47.01862716674805
161,329728,18.925352096557617,0.7730166912078857,47.01862716674805
162,331776,18.005809783935547,0.3319176435470581,47.01862716674805
163,333824,18.776771545410156,0.8088065385818481,47.01862716674805
164,335872,18.4049129486084,1.3755775690078735,47.01862716674805
165,337920,18.426034927368164,1.0222299098968506,47.01862716674805
166,339968,19.470232009887695,0.8736847043037415,47.01862716674805
167,342016,17.342731475830078,1.61604642868042,47.01862716674805
168,344064,18.48735809326172,0.5064216256141663,47.01862716674805
169,346112,18.298969268798828,0.981319785118103,47.01862716674805
170,348160,19.373126983642578,0.7234951853752136,47.01862716674805
171,350208,18.525493621826172,1.1261169910430908,47.01862716674805
172,352256,18.202077865600586,1.0718920230865479,47.01862716674805
173,354304,18.67940330505371,0.7934812903404236,47.01862716674805
174,356352,19.297882080078125,0.6037885546684265,47.01862716674805
175,358400,18.75055503845215,0.993779718875885,47.01862716674805
176,360448,18.09882354736328,1.761179804801941,47.01862716674805
177,362496,18.36250877380371,2.4443106651306152,47.01862716674805
178,364544,17.71658706665039,2.909417152404785,47.01862716674805
179,366592,19.534042358398438,0.6607615947723389,47.01862716674805
180,368640,18.477581024169922,1.1872199773788452,47.01862716674805
181,370688,18.920185089111328,0.8600730895996094,47.01862716674805
182,372736,17.381391525268555,3.0260255336761475,47.01862716674805
183,374784,17.713411331176758,1.7161818742752075,47.01862716674805
184,376832,16.325435638427734,3.1337337493896484,47.01862716674805
185,378880,17.332157135009766,1.5259994268417358,47.01862716674805
186,380928,12.5517578125,5.529759883880615,47.01862716674805
187,382976,14.677225112915039,3.5775187015533447,47.01862716674805
188,385024,16.000064849853516,3.259946823120117,47.01862716674805
189,387072,17.897869110107422,1.3431720733642578,47.01862716674805
190,389120,16.382638931274414,4.704718589782715,47.01862716674805
191,391168,15.212336540222168,4.619523525238037,47.01862716674805
192,393216,16.26895523071289,5.528782844543457,47.01862716674805
193,395264,17.25433349609375,3.7192885875701904,47.01862716674805
194,397312,17.531997680664062,1.4194689989089966,47.01862716674805
195,399360,19.862140655517578,0.4259915053844452,47.01862716674805
196,401408,16.151206970214844,5.1219072341918945,47.01862716674805
197,403456,17.41537857055664,4.147690773010254,47.01862716674805
198,405504,16.602691650390625,3.32002592086792,47.01862716674805
199,407552,18.729000091552734,0.9522331357002258,47.01862716674805
200,409600,16.21449851989746,3.796276092529297,47.01862716674805
201,411648,18.794937133789062,0.7087984085083008,47.01862716674805
202,413696,18.421144485473633,1.5094491243362427,47.01862716674805
203,415744,17.457660675048828,3.3117480278015137,47.01862716674805
204,417792,18.986812591552734,1.1404056549072266,47.01862716674805
205,419840,17.118465423583984,4.173758506774902,47.01862716674805
206,421888,16.004581451416016,4.1718058586120605,47.01862716674805
207,423936,15.567876815795898,3.6513402462005615,47.01862716674805
208,425984,15.033456802368164,3.2040305137634277,47.01862716674805
209,428032,18.240325927734375,1.0499114990234375,47.01862716674805
210,430080,15.379734992980957,3.3904402256011963,47.01862716674805
211,432128,16.594762802124023,2.992642879486084,47.01862716674805
212,434176,18.34515953063965,2.8089513778686523,47.01862716674805
213,436224,16.912006378173828,2.890942096710205,47.01862716674805
214,438272,18.474573135375977,0.6644648909568787,47.01862716674805
215,440320,17.89484977722168,2.243206262588501,47.01862716674805
216,442368,18.039081573486328,1.322812795639038,47.01862716674805
217,444416,19.241851806640625,0.7484198212623596,47.01862716674805
218,446464,16.690776824951172,4.485708236694336,47.01862716674805
219,448512,15.831899642944336,4.0478105545043945,47.01862716674805
220,450560,18.294992446899414,1.0852315425872803,47.01862716674805
221,452608,19.556922912597656,0.5134409666061401,47.01862716674805
222,454656,17.329208374023438,4.237358570098877,47.01862716674805
223,456704,18.257055282592773,0.9305902123451233,47.01862716674805
224,458752,15.419694900512695,4.011550426483154,47.01862716674805
225,460800,17.075517654418945,2.0924630165100098,47.01862716674805
226,462848,17.173160552978516,1.8315906524658203,47.01862716674805
227,464896,15.002963066101074,3.1207518577575684,47.01862716674805
228,466944,16.967069625854492,4.715561866760254,47.01862716674805
229,468992,16.863317489624023,2.698058843612671,47.01862716674805
230,471040,17.891706466674805,3.0867414474487305,47.01862716674805
231,473088,16.66347312927246,2.4047746658325195,47.01862716674805
232,475136,17.653995513916016,3.382322311401367,47.01862716674805
233,477184,17.938573837280273,0.784069836139679,47.01862716674805
234,479232,15.349508285522461,3.826040744781494,47.01862716674805
235,481280,17.873554229736328,1.474156379699707,47.01862716674805
236,483328,19.62863540649414,0.8846686482429504,47.01862716674805
237,485376,14.052133560180664,5.7447509765625,47.01862716674805
238,487424,17.1110782623291,2.596860647201538,47.01862716674805
239,489472,18.648035049438477,1.0728920698165894,47.01862716674805
240,491520,16.922897338867188,2.6312196254730225,47.01862716674805
241,493568,17.436403274536133,2.620129346847534,47.01862716674805
242,495616,18.40179443359375,1.7164753675460815,47.01862716674805
243,497664,16.364734649658203,1.5173159837722778,47.01862716674805
244,499712,18.517812728881836,1.7536622285842896,47.01862716674805
245,501760,16.579687118530273,2.743896007537842,47.01862716674805
246,503808,13.81456184387207,3.3756227493286133,47.01862716674805
247,505856,17.212444305419922,3.0624337196350098,47.01862716674805
248,507904,17.520061492919922,3.32006573677063,47.01862716674805
249,509952,19.520793914794922,0.6705814599990845,47.01862716674805
250,512000,19.36667823791504,0.6511582136154175,47.01862716674805
251,514048,18.14691734313965,1.4120457172393799,47.01862716674805
252,516096,16.580678939819336,3.9559903144836426,47.01862716674805
253,518144,18.852510452270508,0.9988110065460205,47.01862716674805
254,520192,17.836261749267578,1.556663990020752,47.01862716674805
255,522240,19.065099716186523,0.08795975893735886,47.01862716674805
256,524288,16.064268112182617,2.8725883960723877,47.01862716674805
257,526336,19.221887588500977,0.7170840501785278,47.01862716674805
258,528384,19.2838077545166,0.8362448215484619,47.01862716674805
259,530432,18.40519905090332,1.818773627281189,47.01862716674805
260,532480,17.6385440826416,1.9979242086410522,47.01862716674805
261,534528,16.800695419311523,1.5727746486663818,47.01862716674805
262,536576,18.002954483032227,1.8752976655960083,47.01862716674805
263,538624,18.09794044494629,1.7919117212295532,47.01862716674805
264,540672,17.98484230041504,2.2055227756500244,47.01862716674805
265,542720,16.859195709228516,2.673339366912842,47.01862716674805
266,544768,18.044143676757812,1.8799736499786377,47.01862716674805
267,546816,17.774747848510742,1.21342134475708,47.01862716674805
268,548864,18.22152328491211,0.732749342918396,47.01862716674805
269,550912,18.990921020507812,0.7335119843482971,47.01862716674805
270,552960,18.626760482788086,1.8980046510696411,47.01862716674805
271,555008,18.282215118408203,1.6055395603179932,47.01862716674805
272,557056,17.905841827392578,1.7440294027328491,47.01862716674805
273,559104,18.799970626831055,0.7132809162139893,47.01862716674805
274,561152,18.118349075317383,1.7663770914077759,47.01862716674805
275,563200,17.2495174407959,2.021101951599121,47.01862716674805
276,565248,18.079132080078125,1.76105797290802,47.01862716674805
277,567296,17.13405990600586,2.917452573776245,47.01862716674805
278,569344,17.846628189086914,2.1241750717163086,47.01862716674805
279,571392,18.75394058227539,0.7249689102172852,47.01862716674805
280,573440,19.54718017578125,0.6527450680732727,47.01862716674805
281,575488,17.516111373901367,2.8373665809631348,47.01862716674805
282,577536,19.378742218017578,0.3737797737121582,47.01862716674805
283,579584,18.330480575561523,3.1320159435272217,47.01862716674805
284,581632,18.775516510009766,0.7889031171798706,47.01862716674805
285,583680,15.622781753540039,3.1344072818756104,47.01862716674805
286,585728,17.129592895507812,3.000342845916748,47.01862716674805
287,587776,19.46672821044922,0.3362041711807251,47.01862716674805
288,589824,18.574247360229492,2.4281842708587646,47.01862716674805
289,591872,17.557052612304688,3.4174530506134033,47.01862716674805
290,593920,17.766979217529297,1.7265040874481201,47.01862716674805
291,595968,19.43013572692871,0.8908306360244751,47.01862716674805
292,598016,14.374748229980469,2.7253241539001465,47.01862716674805
293,600064,16.910484313964844,2.2031466960906982,47.01862716674805
294,602112,15.92034912109375,2.703754186630249,47.01862716674805
295,604160,19.76095962524414,0.5334607362747192,47.01862716674805
296,606208,18.13736343383789,0.8307067155838013,47.01862716674805
297,608256,16.723203659057617,2.501554489135742,47.01862716674805
298,610304,16.854320526123047,1.4291412830352783,47.01862716674805
299,612352,15.553266525268555,4.820370674133301,47.01862716674805
300,614400,19.094341278076172,0.9795337915420532,47.01862716674805
301,616448,18.71147918701172,1.6166927814483643,47.01862716674805
302,618496,15.502691268920898,3.465587615966797,47.01862716674805
303,620544,13.137484550476074,3.550211191177368,47.01862716674805
304,622592,15.456459045410156,3.3398947715759277,47.01862716674805
305,624640,16.28097915649414,2.7125442028045654,47.01862716674805
306,626688,14.164151191711426,3.697629928588867,47.01862716674805
307,628736,14.950955390930176,3.4301984310150146,47.01862716674805
308,630784,17.12881088256836,1.3975038528442383,47.01862716674805
309,632832,11.889436721801758,3.95275616645813,47.01862716674805
310,634880,18.2979679107666,0.6708837747573853,47.01862716674805
311,636928,15.96473217010498,2.8380744457244873,47.01862716674805
312,638976,14.635086059570312,4.661986827850342,47.01862716674805
313,641024,16.655054092407227,3.973215341567993,47.01862716674805
314,643072,15.273633003234863,3.1460764408111572,47.01862716674805
315,645120,17.711456298828125,1.3580998182296753,47.01862716674805
316,647168,18.182479858398438,0.4074999690055847,47.01862716674805
317,649216,16.90988540649414,0.8414317965507507,47.01862716674805
318,651264,18.08706283569336,1.4658887386322021,47.01862716674805
319,653312,15.559779167175293,3.0395302772521973,47.01862716674805
320,655360,14.904167175292969,3.628596782684326,47.01862716674805
321,657408,17.138154983520508,1.4368082284927368,47.01862716674805
322,659456,17.400588989257812,1.5984910726547241,47.01862716674805
323,661504,18.697649002075195,1.3533856868743896,47.01862716674805
324,663552,18.207807540893555,1.1079893112182617,47.01862716674805
325,665600,16.46431541442871,0.5722223520278931,47.01862716674805
326,667648,17.24749183654785,2.0153517723083496,47.01862716674805
327,669696,16.628353118896484,2.886687755584717,47.01862716674805
328,671744,19.083358764648438,1.1736210584640503,47.01862716674805
329,673792,16.85903549194336,0.8641849756240845,47.01862716674805
330,675840,16.909090042114258,1.8769639730453491,47.01862716674805
331,677888,17.3402099609375,1.893103837966919,47.01862716674805
332,679936,17.937732696533203,1.1253950595855713,47.01862716674805
333,681984,19.072162628173828,1.2075955867767334,47.01862716674805
334,684032,18.670207977294922,1.6919256448745728,47.01862716674805
335,686080,18.00191307067871,1.6775555610656738,47.01862716674805
336,688128,19.575284957885742,0.5106337070465088,47.01862716674805
337,690176,18.42288589477539,0.767577588558197,47.01862716674805
338,692224,18.830162048339844,0.8619741797447205,47.01862716674805
339,694272,17.71847915649414,1.0539522171020508,47.01862716674805
340,696320,18.74087142944336,0.46057114005088806,47.01862716674805
341,698368,19.37992286682129,0.4829447269439697,47.01862716674805
342,700416,18.94287872314453,1.0205098390579224,47.01862716674805
343,702464,19.453739166259766,0.8705242276191711,47.01862716674805
344,704512,19.20178985595703,0.655491828918457,47.01862716674805
345,706560,19.401241302490234,1.2185571193695068,47.01862716674805
346,708608,19.760189056396484,1.285943865776062,47.01862716674805
347,710656,19.02408218383789,1.2753074169158936,47.01862716674805
348,712704,19.020755767822266,0.6729177832603455,47.01862716674805
349,714752,18.236961364746094,1.042105793952942,47.01862716674805
350,716800,19.000215530395508,0.8706551790237427,47.01862716674805
351,718848,19.914148330688477,0.7385724782943726,47.01862716674805
352,720896,18.63884735107422,0.9034941792488098,47.01862716674805
353,722944,19.451229095458984,1.2501521110534668,47.01862716674805
354,724992,19.342626571655273,0.9684393405914307,47.01862716674805
355,727040,18.3770751953125,0.7490871548652649,47.01862716674805
356,729088,18.122407913208008,1.4166178703308105,47.01862716674805
357,731136,18.339717864990234,1.348793387413025,47.01862716674805
358,733184,18.323802947998047,1.327812910079956,47.01862716674805
359,735232,19.428817749023438,1.1286647319793701,47.01862716674805
360,737280,18.469600677490234,1.774382472038269,47.01862716674805
361,739328,18.486038208007812,2.3200042247772217,47.01862716674805
362,741376,18.63333511352539,0.9502155780792236,47.01862716674805
363,743424,17.843585968017578,1.710057020187378,47.01862716674805
364,745472,18.893251419067383,1.2402385473251343,47.01862716674805
365,747520,16.73556900024414,0.8291909098625183,47.01862716674805
366,749568,18.150409698486328,1.4921019077301025,47.01862716674805
367,751616,19.197168350219727,0.7200750708580017,47.01862716674805
368,753664,19.149417877197266,1.2991713285446167,47.01862716674805
369,755712,17.26603126525879,1.6784741878509521,47.01862716674805
370,757760,17.935562133789062,1.1007745265960693,47.01862716674805
371,759808,17.827587127685547,2.291168212890625,47.01862716674805
372,761856,17.958858489990234,1.205722451210022,47.01862716674805
373,763904,17.875717163085938,1.5451191663742065,47.01862716674805
374,765952,15.770437240600586,1.1517258882522583,47.01862716674805
375,768000,19.09699249267578,1.4375667572021484,47.01862716674805
376,770048,17.313121795654297,1.4227404594421387,47.01862716674805
377,772096,17.15145492553711,0.607347309589386,47.01862716674805
378,774144,17.283161163330078,1.791471004486084,47.01862716674805
379,776192,17.00863265991211,0.45069804787635803,47.01862716674805
380,778240,18.161296844482422,0.9258522391319275,47.01862716674805
381,780288,17.982213973999023,0.6524141430854797,47.01862716674805
382,782336,18.095090866088867,1.4098180532455444,47.01862716674805
383,784384,16.704973220825195,1.4537227153778076,47.01862716674805
384,786432,16.697261810302734,1.143637776374817,47.01862716674805
385,788480,17.044042587280273,1.2833306789398193,47.01862716674805
386,790528,16.791278839111328,1.4312435388565063,47.01862716674805
387,792576,16.74416732788086,1.4399646520614624,47.01862716674805
388,794624,16.840417861938477,1.853764533996582,47.01862716674805
389,796672,16.904041290283203,1.330918788909912,47.01862716674805
390,798720,16.961536407470703,0.6821904182434082,47.01862716674805
391,800768,17.233684539794922,0.8244237303733826,47.01862716674805
392,802816,17.341501235961914,1.9348509311676025,47.01862716674805
393,804864,15.983579635620117,1.14230215549469,47.01862716674805
394,806912,18.268503189086914,0.34898680448532104,47.01862716674805
395,808960,16.691410064697266,1.6534278392791748,47.01862716674805
396,811008,18.085601806640625,0.611378014087677,47.01862716674805
397,813056,18.685348510742188,0.6966609954833984,47.01862716674805
398,815104,18.185932159423828,1.010180950164795,47.01862716674805
399,817152,18.129358291625977,1.6053354740142822,47.01862716674805
400,819200,19.584396362304688,0.8831391334533691,47.01862716674805
401,821248,18.837045669555664,0.5512261986732483,47.01862716674805
402,823296,20.017166137695312,0.3689814507961273,47.01862716674805
403,825344,18.58418083190918,1.5027728080749512,47.01862716674805
404,827392,18.720745086669922,1.4433842897415161,47.01862716674805
405,829440,18.81344985961914,0.96478271484375,47.01862716674805
406,831488,18.535778045654297,0.8802775144577026,47.01862716674805
407,833536,18.650859832763672,1.0035598278045654,47.01862716674805
408,835584,18.79961585998535,1.1376031637191772,47.01862716674805
409,837632,20.3293514251709,0.6328802704811096,47.01862716674805
410,839680,18.89618492126465,1.4384866952896118,47.01862716674805
411,841728,17.99184226989746,0.577485978603363,47.01862716674805
412,843776,18.174095153808594,1.5879089832305908,47.01862716674805
413,845824,18.812782287597656,1.627779483795166,47.01862716674805
414,847872,18.279430389404297,0.6601444482803345,47.01862716674805
415,849920,19.733333587646484,0.9868735671043396,47.01862716674805
416,851968,18.664703369140625,1.06177818775177,47.01862716674805
417,854016,18.47331428527832,1.1385961771011353,47.01862716674805
418,856064,18.464813232421875,0.8919909596443176,47.01862716674805
419,858112,18.897846221923828,1.5083218812942505,47.01862716674805
420,860160,18.13990020751953,1.1980900764465332,47.01862716674805
421,862208,18.02450942993164,1.7048386335372925,47.01862716674805
422,864256,18.427867889404297,0.7192829251289368,47.01862716674805
423,866304,18.023723602294922,0.8578159809112549,47.01862716674805
424,868352,19.071481704711914,1.401572585105896,47.01862716674805
425,870400,19.408662796020508,0.7468894124031067,47.01862716674805
426,872448,18.19338035583496,0.543159008026123,47.01862716674805
427,874496,18.528955459594727,0.5301988124847412,47.01862716674805
428,876544,17.084333419799805,1.876539945602417,47.01862716674805
429,878592,17.77826690673828,1.6134051084518433,47.01862716674805
430,880640,17.117610931396484,1.4408349990844727,47.01862716674805
431,882688,18.88125991821289,0.6395639181137085,47.01862716674805
432,884736,16.033676147460938,1.7247611284255981,47.01862716674805
433,886784,15.963648796081543,2.1560492515563965,47.01862716674805
434,888832,14.52405834197998,0.8143745064735413,47.01862716674805
435,890880,16.41522216796875,1.740523338317871,47.01862716674805
436,892928,16.897111892700195,2.4516844749450684,47.01862716674805
437,894976,18.097129821777344,1.082373857498169,47.01862716674805
438,897024,16.039546966552734,1.3316104412078857,47.01862716674805
439,899072,17.50901985168457,0.5837593674659729,47.01862716674805
440,901120,17.544153213500977,1.5735703706741333,47.01862716674805
441,903168,17.69000816345215,1.9775158166885376,47.01862716674805
442,905216,17.49740219116211,1.7573235034942627,47.01862716674805
443,907264,18.23706817626953,1.1032825708389282,47.01862716674805
444,909312,18.153179168701172,1.0712954998016357,47.01862716674805
445,911360,16.843215942382812,0.632116973400116,47.01862716674805
446,913408,16.930021286010742,1.5406509637832642,47.01862716674805
447,915456,17.69622039794922,1.1439754962921143,47.01862716674805
448,917504,19.316036224365234,1.141735315322876,47.01862716674805
449,919552,18.993066787719727,1.1992229223251343,47.01862716674805
450,921600,18.121047973632812,1.7533007860183716,47.01862716674805
451,923648,17.403873443603516,1.470567226409912,47.01862716674805
452,925696,18.207822799682617,1.567655086517334,47.01862716674805
453,927744,19.53218650817871,1.8256250619888306,47.01862716674805
454,929792,18.28240203857422,0.9689331650733948,47.01862716674805
455,931840,19.079116821289062,1.236027717590332,47.01862716674805
456,933888,18.10373306274414,1.2974004745483398,47.01862716674805
457,935936,18.225496292114258,1.0580523014068604,47.01862716674805
458,937984,17.852155685424805,1.4138087034225464,47.01862716674805
459,940032,18.58425521850586,1.4046106338500977,47.01862716674805
460,942080,17.561410903930664,1.5103310346603394,47.01862716674805
461,944128,17.888248443603516,1.283097267150879,47.01862716674805
462,946176,17.640979766845703,2.544245958328247,47.01862716674805
463,948224,16.899288177490234,2.0327863693237305,47.01862716674805
464,950272,18.140155792236328,1.3042093515396118,47.01862716674805
465,952320,17.75153160095215,1.2014508247375488,47.01862716674805
466,954368,18.46476936340332,1.496997594833374,47.01862716674805
467,956416,18.13484764099121,0.8867996335029602,47.01862716674805
468,958464,17.302379608154297,1.171754002571106,47.01862716674805
469,960512,18.043502807617188,1.3048871755599976,47.01862716674805
470,962560,19.146509170532227,0.937176525592804,47.01862716674805
471,964608,18.97405242919922,1.2372028827667236,47.01862716674805
472,966656,18.816913604736328,0.9944793581962585,47.01862716674805
473,968704,17.932449340820312,1.1485722064971924,47.01862716674805
474,970752,17.85930824279785,0.8991641998291016,47.01862716674805
475,972800,19.282358169555664,0.7181092500686646,47.01862716674805
476,974848,18.351314544677734,0.4791428744792938,47.01862716674805
477,976896,18.391660690307617,0.9314059615135193,47.01862716674805
478,978944,17.25563621520996,0.7328869700431824,47.01862716674805
479,980992,17.126123428344727,1.5616347789764404,47.01862716674805
480,983040,19.015050888061523,0.7443562746047974,47.01862716674805
481,985088,18.469406127929688,0.6325876712799072,47.01862716674805
482,987136,16.789276123046875,1.544987440109253,47.01862716674805
483,989184,17.844091415405273,1.8326680660247803,47.01862716674805
484,991232,19.02447509765625,0.5593428015708923,47.01862716674805
485,993280,18.139583587646484,1.1774628162384033,47.01862716674805
486,995328,17.153596878051758,1.5204910039901733,47.01862716674805
487,997376,17.560165405273438,1.8729510307312012,47.01862716674805
488,999424,16.398460388183594,1.2488890886306763,47.01862716674805
489,1001472,17.977676391601562,1.3979445695877075,47.01862716674805
490,1003520,18.143753051757812,1.3448082208633423,47.01862716674805
491,1005568,17.571884155273438,1.3735363483428955,47.01862716674805
492,1007616,17.608715057373047,1.6543408632278442,47.01862716674805
493,1009664,17.256229400634766,1.0866867303848267,47.01862716674805
494,1011712,17.40510368347168,1.2833276987075806,47.01862716674805
495,1013760,17.91714096069336,1.2611300945281982,47.01862716674805
496,1015808,18.33026123046875,0.7629839181900024,47.01862716674805
497,1017856,16.982715606689453,1.9759231805801392,47.01862716674805
498,1019904,17.71111297607422,1.487002968788147,47.01862716674805
499,1021952,17.623838424682617,2.212784767150879,47.01862716674805
500,1024000,17.80270004272461,1.5772687196731567,47.01862716674805
501,1026048,19.679100036621094,0.6459810137748718,47.01862716674805
502,1028096,18.159997940063477,1.1175743341445923,47.01862716674805
503,1030144,18.914348602294922,1.4762691259384155,47.01862716674805
504,1032192,17.130212783813477,2.673489809036255,47.01862716674805
505,1034240,18.513334274291992,1.5254238843917847,47.01862716674805
506,1036288,18.232515335083008,2.521172523498535,47.01862716674805
507,1038336,18.366840362548828,1.1303637027740479,47.01862716674805
508,1040384,18.21042823791504,1.500392198562622,47.01862716674805
509,1042432,18.477413177490234,1.4528725147247314,47.01862716674805
510,1044480,19.238183975219727,1.5100090503692627,47.01862716674805
511,1046528,19.011781692504883,0.4889126420021057,47.01862716674805
512,1048576,18.318103790283203,0.9105639457702637,47.01862716674805
513,1050624,19.155834197998047,1.2485761642456055,47.01862716674805
514,1052672,19.095233917236328,1.4560558795928955,47.01862716674805
515,1054720,19.620899200439453,1.1250311136245728,47.01862716674805
516,1056768,18.888225555419922,1.1524723768234253,47.01862716674805
517,1058816,18.806455612182617,0.608879029750824,47.01862716674805
518,1060864,18.801061630249023,0.8382750153541565,47.01862716674805
519,1062912,19.115062713623047,0.6899833083152771,47.01862716674805
520,1064960,19.184947967529297,1.0151622295379639,47.01862716674805
521,1067008,18.478687286376953,0.36406463384628296,47.01862716674805
522,1069056,19.880313873291016,0.7168521881103516,47.01862716674805
523,1071104,18.02904510498047,0.5582758784294128,47.01862716674805
524,1073152,18.89493179321289,0.8452979326248169,47.01862716674805
525,1075200,18.122432708740234,0.7714747786521912,47.01862716674805
526,1077248,18.092947006225586,0.37753865122795105,47.01862716674805
527,1079296,19.017507553100586,0.8210878372192383,47.01862716674805
528,1081344,16.79281234741211,0.3820042312145233,47.01862716674805
529,1083392,18.782739639282227,1.3338818550109863,47.01862716674805
530,1085440,18.582460403442383,1.0682153701782227,47.01862716674805
531,1087488,18.074283599853516,1.4564186334609985,47.01862716674805
532,1089536,18.397974014282227,1.4831385612487793,47.01862716674805
533,1091584,17.649860382080078,1.184766411781311,47.01862716674805
534,1093632,19.142345428466797,1.208045482635498,47.01862716674805
535,1095680,17.60921287536621,1.079256534576416,47.01862716674805
536,1097728,18.808521270751953,1.6193039417266846,47.01862716674805
537,1099776,19.254077911376953,0.8862499594688416,47.01862716674805
538,1101824,18.680614471435547,1.284590244293213,47.01862716674805
539,1103872,18.9301700592041,1.4619739055633545,47.01862716674805
540,1105920,19.20785140991211,1.1502412557601929,47.01862716674805
541,1107968,17.954296112060547,1.4309743642807007,47.01862716674805
542,1110016,18.07821273803711,2.300809860229492,47.01862716674805
543,1112064,15.678047180175781,2.32566237449646,47.01862716674805
544,1114112,18.75113868713379,0.2868720591068268,47.01862716674805
545,1116160,16.634437561035156,1.457725167274475,47.01862716674805
546,1118208,18.157028198242188,2.42404842376709,47.01862716674805
547,1120256,18.056005477905273,2.0011565685272217,47.01862716674805
548,1122304,17.051773071289062,2.3369367122650146,47.01862716674805
549,1124352,18.9132022857666,0.5883173942565918,47.01862716674805
550,1126400,17.91046714782715,2.1118826866149902,47.01862716674805
551,1128448,18.01226043701172,1.1938772201538086,47.01862716674805
552,1130496,17.37635040283203,1.7471834421157837,47.01862716674805
553,1132544,18.37959098815918,0.888004720211029,47.01862716674805
554,1134592,17.816537857055664,1.237500548362732,47.01862716674805
555,1136640,18.581161499023438,0.9444315433502197,47.01862716674805
556,1138688,17.14858627319336,1.1225966215133667,47.01862716674805
557,1140736,18.383602142333984,1.2566757202148438,47.01862716674805
558,1142784,18.767179489135742,0.6331726908683777,47.01862716674805
559,1144832,16.936254501342773,1.375188946723938,47.01862716674805
560,1146880,17.42329978942871,0.6640161275863647,47.01862716674805
561,1148928,15.446374893188477,2.0950565338134766,47.01862716674805
562,1150976,15.372347831726074,1.638686180114746,47.01862716674805
563,1153024,17.130367279052734,1.6325682401657104,47.01862716674805
564,1155072,15.660181045532227,1.8338934183120728,47.01862716674805
565,1157120,16.918262481689453,2.758668899536133,47.01862716674805
566,1159168,17.326946258544922,1.3926526308059692,47.01862716674805
567,1161216,18.12819480895996,1.7392351627349854,47.01862716674805
568,1163264,18.44570541381836,0.7739803194999695,47.01862716674805
569,1165312,17.60833740234375,1.138854742050171,47.01862716674805
570,1167360,17.143077850341797,2.368739366531372,47.01862716674805
571,1169408,17.996015548706055,0.8829857707023621,47.01862716674805
572,1171456,18.611557006835938,0.7072570323944092,47.01862716674805
573,1173504,17.597253799438477,1.7599139213562012,47.01862716674805
574,1175552,18.514751434326172,0.4050338864326477,47.01862716674805
575,1177600,17.05402374267578,1.471961259841919,47.01862716674805
576,1179648,16.988697052001953,1.6813225746154785,47.01862716674805
577,1181696,19.1191349029541,1.457831859588623,47.01862716674805
578,1183744,17.999794006347656,1.396930456161499,47.01862716674805
579,1185792,18.183128356933594,1.6832479238510132,47.01862716674805
580,1187840,19.520780563354492,0.6565201878547668,47.01862716674805
581,1189888,18.962467193603516,1.144622802734375,47.01862716674805
582,1191936,18.366050720214844,1.336460828781128,47.01862716674805
583,1193984,17.860740661621094,1.1546282768249512,47.01862716674805
584,1196032,18.45464515686035,1.4259165525436401,47.01862716674805
585,1198080,18.650096893310547,1.5610405206680298,47.01862716674805
586,1200128,18.890697479248047,1.2853363752365112,47.01862716674805
587,1202176,18.200153350830078,1.6036324501037598,47.01862716674805
588,1204224,17.673870086669922,1.6343790292739868,47.01862716674805
589,1206272,18.18777084350586,1.3196038007736206,47.01862716674805
590,1208320,16.141956329345703,0.5204519629478455,47.01862716674805
591,1210368,17.473115921020508,2.1670174598693848,47.01862716674805
592,1212416,18.970373153686523,1.966448187828064,47.01862716674805
593,1214464,18.93877601623535,1.5483057498931885,47.01862716674805
594,1216512,18.901716232299805,1.872321367263794,47.01862716674805
595,1218560,17.50984764099121,1.9391536712646484,47.01862716674805
596,1220608,17.015592575073242,1.3407236337661743,47.01862716674805
597,1222656,17.514183044433594,1.3297250270843506,47.01862716674805
598,1224704,17.207195281982422,1.6386557817459106,47.01862716674805
599,1226752,18.38901138305664,1.1402757167816162,47.01862716674805
600,1228800,18.585201263427734,1.4296056032180786,47.01862716674805
601,1230848,17.616769790649414,1.4548234939575195,47.01862716674805
602,1232896,18.48775291442871,1.3893704414367676,47.01862716674805
603,1234944,17.559022903442383,1.8836205005645752,47.01862716674805
604,1236992,18.07652473449707,1.2979505062103271,47.01862716674805
605,1239040,17.516948699951172,1.2376391887664795,47.01862716674805
606,1241088,17.07280921936035,0.7441309094429016,47.01862716674805
607,1243136,18.19938087463379,0.9068294763565063,47.01862716674805
608,1245184,17.79575538635254,0.8308547735214233,47.01862716674805
609,1247232,18.284151077270508,1.1734509468078613,47.01862716674805
610,1249280,16.84897232055664,0.3181936740875244,47.01862716674805
611,1251328,17.475875854492188,1.0325123071670532,47.01862716674805
612,1253376,16.533946990966797,0.8295252919197083,47.01862716674805
613,1255424,18.56955337524414,1.3930405378341675,47.01862716674805
614,1257472,18.487857818603516,2.4319393634796143,47.01862716674805
615,1259520,18.209300994873047,1.5691977739334106,47.01862716674805
616,1261568,18.918163299560547,1.107912302017212,47.01862716674805
617,1263616,18.268932342529297,2.035139322280884,47.01862716674805
618,1265664,17.189285278320312,0.35666534304618835,47.01862716674805
619,1267712,18.41203498840332,1.747767686843872,47.01862716674805
620,1269760,17.726577758789062,1.600061297416687,47.01862716674805
621,1271808,17.77155113220215,0.9224835634231567,47.01862716674805
622,1273856,19.143463134765625,1.686277151107788,47.01862716674805
623,1275904,17.83047103881836,1.1230500936508179,47.01862716674805
624,1277952,18.075937271118164,0.7078935503959656,47.01862716674805
625,1280000,18.268339157104492,1.572896957397461,47.01862716674805
626,1282048,18.546728134155273,0.7825955152511597,47.01862716674805
627,1284096,17.4307918548584,0.8794652819633484,47.01862716674805
628,1286144,18.04688835144043,0.7642898559570312,47.01862716674805
629,1288192,18.661577224731445,1.0154757499694824,47.01862716674805
630,1290240,19.33389663696289,0.7883030772209167,47.01862716674805
631,1292288,17.974384307861328,0.44693368673324585,47.01862716674805
632,1294336,18.32174301147461,1.116222858428955,47.01862716674805
633,1296384,18.375328063964844,1.4327383041381836,47.01862716674805
634,1298432,18.52328109741211,0.3520123064517975,47.01862716674805
635,1300480,19.55345344543457,0.8510629534721375,47.01862716674805
636,1302528,18.576519012451172,1.0836822986602783,47.01862716674805
637,1304576,18.61829948425293,0.3302801847457886,47.01862716674805
638,1306624,17.56814956665039,0.6252397894859314,47.01862716674805
639,1308672,19.331071853637695,0.8297097682952881,47.01862716674805
640,1310720,18.909618377685547,1.4922921657562256,47.01862716674805
641,1312768,17.728076934814453,1.369715929031372,47.01862716674805
642,1314816,19.053356170654297,1.6412228345870972,47.01862716674805
643,1316864,17.648723602294922,0.8267229795455933,47.01862716674805
644,1318912,16.860342025756836,1.6412131786346436,47.01862716674805
645,1320960,18.180706024169922,0.9915921688079834,47.01862716674805
646,1323008,18.32394027709961,1.066023349761963,47.01862716674805
647,1325056,18.215932846069336,1.1711448431015015,47.01862716674805
648,1327104,18.67103385925293,0.9031158089637756,47.01862716674805
649,1329152,18.16024398803711,0.8803372979164124,47.01862716674805
650,1331200,18.084054946899414,1.4002530574798584,47.01862716674805
651,1333248,18.19040870666504,0.7146338224411011,47.01862716674805
652,1335296,16.301578521728516,1.0123149156570435,47.01862716674805
653,1337344,18.227497100830078,1.434929609298706,47.01862716674805
654,1339392,17.909259796142578,1.821268081665039,47.01862716674805
655,1341440,17.74158477783203,1.6232812404632568,47.01862716674805
656,1343488,17.3563232421875,1.6628868579864502,47.01862716674805
657,1345536,18.924238204956055,0.30095142126083374,47.01862716674805
658,1347584,18.145492553710938,1.4222842454910278,47.01862716674805
659,1349632,19.306304931640625,0.7233396768569946,47.01862716674805
660,1351680,18.364578247070312,1.1955962181091309,47.01862716674805
661,1353728,18.333049774169922,0.9727807641029358,47.01862716674805
662,1355776,18.258459091186523,1.4972988367080688,47.01862716674805
663,1357824,18.948423385620117,1.0449026823043823,47.01862716674805
664,1359872,18.96255111694336,1.0649875402450562,47.01862716674805
665,1361920,17.96459197998047,0.3333238661289215,47.01862716674805
666,1363968,17.7388916015625,0.6793262958526611,47.01862716674805
667,1366016,18.90970230102539,1.2314906120300293,47.01862716674805
668,1368064,19.338584899902344,1.0164517164230347,47.01862716674805
669,1370112,18.838359832763672,0.8681345582008362,47.01862716674805
670,1372160,18.754714965820312,0.9363026022911072,47.01862716674805
671,1374208,19.670515060424805,0.511909544467926,47.01862716674805
672,1376256,18.361482620239258,0.8319784998893738,47.01862716674805
673,1378304,18.555700302124023,1.2263023853302002,47.01862716674805
674,1380352,19.47527503967285,0.8629983067512512,47.01862716674805
675,1382400,18.80874252319336,0.9211118817329407,47.01862716674805
676,1384448,19.5170841217041,0.747651219367981,47.01862716674805
677,1386496,18.9041748046875,1.4020735025405884,47.01862716674805
678,1388544,18.513362884521484,0.9862533807754517,47.01862716674805
679,1390592,18.726770401000977,1.9663474559783936,47.01862716674805
680,1392640,19.43679428100586,0.8935786485671997,47.01862716674805
681,1394688,19.173879623413086,1.613756537437439,47.01862716674805
682,1396736,19.20318603515625,0.9698324799537659,47.01862716674805
683,1398784,18.616249084472656,1.2940714359283447,47.01862716674805
684,1400832,19.477405548095703,0.3616287410259247,47.01862716674805
685,1402880,19.28824234008789,1.1123229265213013,47.01862716674805
686,1404928,19.45882797241211,1.1891688108444214,47.01862716674805
687,1406976,19.053714752197266,1.1302824020385742,47.01862716674805
688,1409024,17.939258575439453,1.3764712810516357,47.01862716674805
689,1411072,17.62805938720703,2.0105316638946533,47.01862716674805
690,1413120,18.232131958007812,1.0185863971710205,47.01862716674805
691,1415168,19.34784507751465,1.0156519412994385,47.01862716674805
692,1417216,18.976900100708008,1.4924153089523315,47.01862716674805
693,1419264,17.713258743286133,1.3072031736373901,47.01862716674805
694,1421312,17.916322708129883,1.7532732486724854,47.01862716674805
695,1423360,18.978336334228516,1.1694056987762451,47.01862716674805
696,1425408,17.643413543701172,1.2520815134048462,47.01862716674805
697,1427456,17.477848052978516,1.8791561126708984,47.01862716674805
698,1429504,16.147998809814453,1.5302152633666992,47.01862716674805
699,1431552,18.151220321655273,1.2009990215301514,47.01862716674805
700,1433600,18.83407211303711,1.5134222507476807,47.01862716674805
701,1435648,18.288572311401367,1.06017005443573,47.01862716674805
702,1437696,18.701494216918945,1.1806371212005615,47.01862716674805
703,1439744,18.748512268066406,1.5967400074005127,47.01862716674805
704,1441792,18.048189163208008,0.769295871257782,47.01862716674805
705,1443840,18.570140838623047,0.8911396861076355,47.01862716674805
706,1445888,19.830984115600586,0.478380024433136,47.01862716674805
707,1447936,18.622154235839844,0.7838730216026306,47.01862716674805
708,1449984,18.542707443237305,1.7768110036849976,47.01862716674805
709,1452032,17.55634307861328,2.0200295448303223,47.01862716674805
710,1454080,19.152055740356445,0.7933974862098694,47.01862716674805
711,1456128,19.092971801757812,0.5235579609870911,47.01862716674805
712,1458176,18.924510955810547,0.9760583639144897,47.01862716674805
713,1460224,18.357885360717773,0.9938925504684448,47.01862716674805
714,1462272,19.293148040771484,1.5002827644348145,47.01862716674805
715,1464320,18.91727066040039,0.8741533160209656,47.01862716674805
716,1466368,18.96144676208496,1.1298924684524536,47.01862716674805
717,1468416,19.54684829711914,0.7150384187698364,47.01862716674805
718,1470464,19.21272850036621,0.8696784377098083,47.01862716674805
719,1472512,18.12116813659668,1.7356926202774048,47.01862716674805
720,1474560,19.25168800354004,0.6895344853401184,47.01862716674805
721,1476608,18.98176383972168,0.592755913734436,47.01862716674805
722,1478656,17.995758056640625,2.339421272277832,47.01862716674805
723,1480704,18.990859985351562,0.9975056648254395,47.01862716674805
724,1482752,17.71832847595215,1.5413559675216675,47.01862716674805
725,1484800,18.7116641998291,0.773476779460907,47.01862716674805
726,1486848,18.13751220703125,0.7715281248092651,47.01862716674805
727,1488896,18.296520233154297,1.831978678703308,47.01862716674805
728,1490944,17.31502342224121,1.0571143627166748,47.01862716674805
729,1492992,17.08472442626953,1.7183585166931152,47.01862716674805
730,1495040,17.619243621826172,0.7560142278671265,47.01862716674805
731,1497088,16.2926025390625,1.7149628400802612,47.01862716674805
732,1499136,17.134952545166016,2.6455564498901367,47.01862716674805
733,1501184,16.858657836914062,0.8830246329307556,47.01862716674805
734,1503232,16.912044525146484,1.654726266860962,47.01862716674805
735,1505280,18.11331558227539,1.567946195602417,47.01862716674805
736,1507328,16.632007598876953,1.2672499418258667,47.01862716674805
737,1509376,17.562898635864258,1.574769139289856,47.01862716674805
738,1511424,17.42299461364746,0.5911440849304199,47.01862716674805
739,1513472,17.27524757385254,0.5836150646209717,47.01862716674805
740,1515520,17.577301025390625,0.7486310005187988,47.01862716674805
741,1517568,17.911209106445312,0.6897683143615723,47.01862716674805
742,1519616,18.37090301513672,0.9211331605911255,47.01862716674805
743,1521664,17.933963775634766,0.9334899187088013,47.01862716674805
744,1523712,18.130830764770508,1.1893490552902222,47.01862716674805
745,1525760,19.05531883239746,0.7297066450119019,47.01862716674805
746,1527808,17.777889251708984,1.2457551956176758,47.01862716674805
747,1529856,18.103097915649414,0.9412307143211365,47.01862716674805
748,1531904,17.19589614868164,1.8813408613204956,47.01862716674805
749,1533952,18.75096893310547,0.9611591100692749,47.01862716674805
750,1536000,18.259653091430664,1.1207923889160156,47.01862716674805
751,1538048,18.26580047607422,0.5768920183181763,47.01862716674805
752,1540096,19.041728973388672,0.7627865076065063,47.01862716674805
753,1542144,17.9898738861084,0.8738903999328613,47.01862716674805
754,1544192,17.703948974609375,1.2922335863113403,47.01862716674805
755,1546240,18.168315887451172,0.6527875661849976,47.01862716674805
756,1548288,17.8179874420166,1.0929341316223145,47.01862716674805
757,1550336,17.889368057250977,1.2053577899932861,47.01862716674805
758,1552384,18.17547035217285,0.8124371767044067,47.01862716674805
759,1554432,18.354305267333984,1.1370034217834473,47.01862716674805
760,1556480,17.92547035217285,0.648334264755249,47.01862716674805
761,1558528,17.92397689819336,1.0639747381210327,47.01862716674805
762,1560576,18.367141723632812,1.0764343738555908,47.01862716674805
763,1562624,16.260801315307617,1.2650296688079834,47.01862716674805
764,1564672,17.31060218811035,0.9622856974601746,47.01862716674805
765,1566720,16.211536407470703,2.1588311195373535,47.01862716674805
766,1568768,17.362079620361328,0.708962619304657,47.01862716674805
767,1570816,17.97673225402832,0.2805863916873932,47.01862716674805
768,1572864,17.074941635131836,1.3434029817581177,47.01862716674805
769,1574912,18.13469886779785,1.0461158752441406,47.01862716674805
770,1576960,18.972652435302734,0.6668436527252197,47.01862716674805
771,1579008,18.905620574951172,1.3821805715560913,47.01862716674805
772,1581056,19.192779541015625,0.6109579205513,47.01862716674805
773,1583104,15.93596363067627,4.045106887817383,47.01862716674805
774,1585152,16.71727752685547,0.7201477289199829,47.01862716674805
775,1587200,17.42434310913086,0.5042524337768555,47.01862716674805
776,1589248,14.738319396972656,1.564346432685852,47.01862716674805
777,1591296,17.452136993408203,2.647758960723877,47.01862716674805
778,1593344,19.215232849121094,1.5557506084442139,47.01862716674805
779,1595392,18.353158950805664,1.506636142730713,47.01862716674805
780,1597440,16.60382843017578,1.985508918762207,47.01862716674805
781,1599488,18.361385345458984,1.4818646907806396,47.01862716674805
782,1601536,18.056228637695312,1.8246334791183472,47.01862716674805
783,1603584,16.869792938232422,2.772240400314331,47.01862716674805
784,1605632,19.018198013305664,0.9646286368370056,47.01862716674805
785,1607680,18.46426773071289,1.2240995168685913,47.01862716674805
786,1609728,19.51262664794922,1.3283661603927612,47.01862716674805
787,1611776,19.547027587890625,0.49646246433258057,47.01862716674805
788,1613824,18.52992820739746,1.8924248218536377,47.01862716674805
789,1615872,17.066608428955078,1.6024417877197266,47.01862716674805
790,1617920,17.629735946655273,1.282236099243164,47.01862716674805
791,1619968,18.020620346069336,2.0468087196350098,47.01862716674805
792,1622016,16.842729568481445,1.6158816814422607,47.01862716674805
793,1624064,17.31560516357422,2.0095555782318115,47.01862716674805
794,1626112,18.375904083251953,1.3121026754379272,47.01862716674805
795,1628160,17.352460861206055,1.8335062265396118,47.01862716674805
796,1630208,17.327001571655273,1.6694114208221436,47.01862716674805
797,1632256,17.599037170410156,1.102502465248108,47.01862716674805
798,1634304,17.512434005737305,1.857823133468628,47.01862716674805
799,1636352,16.450786590576172,1.1059380769729614,47.01862716674805
800,1638400,18.474233627319336,0.6455979943275452,47.01862716674805
801,1640448,16.987085342407227,0.20114877820014954,47.01862716674805
802,1642496,18.048358917236328,0.6224234104156494,47.01862716674805
803,1644544,17.69904899597168,0.5444675087928772,47.01862716674805
804,1646592,17.85226821899414,1.0260382890701294,47.01862716674805
805,1648640,17.82861328125,0.8497296571731567,47.01862716674805
806,1650688,17.238107681274414,1.1052350997924805,47.01862716674805
807,1652736,17.80933952331543,1.098273754119873,47.01862716674805
808,1654784,17.5618839263916,0.6736146807670593,47.01862716674805
809,1656832,17.609783172607422,1.485854983329773,47.01862716674805
810,1658880,17.500085830688477,1.2419483661651611,47.01862716674805
811,1660928,17.68094253540039,1.346138596534729,47.01862716674805
812,1662976,18.40530014038086,0.7566280961036682,47.01862716674805
813,1665024,18.296306610107422,0.638793408870697,47.01862716674805
814,1667072,18.390676498413086,0.18819212913513184,47.01862716674805
815,1669120,17.202220916748047,1.5844005346298218,47.01862716674805
816,1671168,16.989234924316406,1.7046663761138916,47.01862716674805
817,1673216,18.16850471496582,1.52531898021698,47.01862716674805
818,1675264,17.191600799560547,1.3521387577056885,47.01862716674805
819,1677312,17.95371437072754,1.4901245832443237,47.01862716674805
820,1679360,16.97369384765625,2.2173547744750977,47.01862716674805
821,1681408,16.82937240600586,2.196676015853882,47.01862716674805
822,1683456,18.917903900146484,0.9182057976722717,47.01862716674805
823,1685504,18.918193817138672,1.4748790264129639,47.01862716674805
824,1687552,17.707050323486328,1.6614985466003418,47.01862716674805
825,1689600,18.308624267578125,0.49830955266952515,47.01862716674805
826,1691648,18.741979598999023,2.2670814990997314,47.01862716674805
827,1693696,18.22171401977539,2.6598308086395264,47.01862716674805
828,1695744,18.236263275146484,1.597917914390564,47.01862716674805
829,1697792,19.0989990234375,0.6840571761131287,47.01862716674805
830,1699840,19.175832748413086,0.5405434370040894,47.01862716674805
831,1701888,19.183300018310547,0.37063130736351013,47.01862716674805
832,1703936,18.769153594970703,1.7977529764175415,47.01862716674805
833,1705984,18.563343048095703,1.8671119213104248,47.01862716674805
834,1708032,18.828601837158203,0.5607513189315796,47.01862716674805
835,1710080,18.85582160949707,0.33015334606170654,47.01862716674805
836,1712128,18.900623321533203,0.38021788001060486,47.01862716674805
837,1714176,18.454729080200195,1.0310360193252563,47.01862716674805
838,1716224,18.194236755371094,0.7449774146080017,47.01862716674805
839,1718272,18.764123916625977,0.8686352968215942,47.01862716674805
840,1720320,18.832563400268555,0.8025476336479187,47.01862716674805
841,1722368,18.536256790161133,1.0237634181976318,47.01862716674805
842,1724416,15.868504524230957,1.888201355934143,47.01862716674805
843,1726464,17.522428512573242,1.8281272649765015,47.01862716674805
844,1728512,19.204648971557617,0.969832181930542,47.01862716674805
845,1730560,19.09406089782715,0.939602792263031,47.01862716674805
846,1732608,18.65304946899414,1.5570623874664307,47.01862716674805
847,1734656,18.283958435058594,1.6270776987075806,47.01862716674805
848,1736704,18.162912368774414,2.067767381668091,47.01862716674805
849,1738752,19.483327865600586,1.485793113708496,47.01862716674805
850,1740800,18.567136764526367,0.8792673945426941,47.01862716674805
851,1742848,18.589157104492188,1.3609817028045654,47.01862716674805
852,1744896,18.74054527282715,1.5857888460159302,47.01862716674805
853,1746944,19.479022979736328,0.5072059631347656,47.01862716674805
854,1748992,17.76041603088379,1.8965932130813599,47.01862716674805
855,1751040,18.000362396240234,1.686608076095581,47.01862716674805
856,1753088,19.455936431884766,0.6343241930007935,47.01862716674805
857,1755136,16.692686080932617,2.7158069610595703,47.01862716674805
858,1757184,17.68014144897461,1.089385986328125,47.01862716674805
859,1759232,18.5367488861084,0.8422004580497742,47.01862716674805
860,1761280,18.275634765625,1.5120528936386108,47.01862716674805
861,1763328,18.162525177001953,1.5023490190505981,47.01862716674805
862,1765376,16.36833953857422,1.5380902290344238,47.01862716674805
863,1767424,18.910404205322266,1.1910496950149536,47.01862716674805
864,1769472,17.53139305114746,1.6444075107574463,47.01862716674805
865,1771520,17.988712310791016,1.7691863775253296,47.01862716674805
866,1773568,17.873409271240234,2.078974962234497,47.01862716674805
867,1775616,16.365327835083008,2.1804325580596924,47.01862716674805
868,1777664,16.774608612060547,2.3753626346588135,47.01862716674805
869,1779712,18.236839294433594,2.3433144092559814,47.01862716674805
870,1781760,19.49757194519043,1.116100788116455,47.01862716674805
871,1783808,17.451143264770508,2.187589406967163,47.01862716674805
872,1785856,17.743330001831055,2.212131977081299,47.01862716674805
873,1787904,16.411617279052734,1.4085676670074463,47.01862716674805
874,1789952,16.127946853637695,1.8196237087249756,47.01862716674805
875,1792000,17.21320152282715,2.0273847579956055,47.01862716674805
876,1794048,18.910381317138672,1.9161511659622192,47.01862716674805
877,1796096,16.032222747802734,2.590230941772461,47.01862716674805
878,1798144,19.664899826049805,1.7625006437301636,47.01862716674805
879,1800192,18.833209991455078,2.1462655067443848,47.01862716674805
880,1802240,17.898910522460938,1.853571891784668,47.01862716674805
881,1804288,17.750761032104492,2.1594367027282715,47.01862716674805
882,1806336,18.890926361083984,2.183607578277588,47.01862716674805
883,1808384,16.7553653717041,0.308941125869751,47.01862716674805
884,1810432,17.329776763916016,0.3963564336299896,47.01862716674805
885,1812480,17.080615997314453,0.9258382320404053,47.01862716674805
886,1814528,16.982316970825195,1.177465558052063,47.01862716674805
887,1816576,17.958690643310547,2.818122148513794,47.01862716674805
888,1818624,19.34423065185547,0.8892683982849121,47.01862716674805
889,1820672,16.86966323852539,1.7088701725006104,47.01862716674805
890,1822720,18.251201629638672,1.11871337890625,47.01862716674805
891,1824768,16.57505226135254,0.7628441452980042,47.01862716674805
892,1826816,18.38233757019043,1.626197338104248,47.01862716674805
893,1828864,16.58783721923828,1.0577597618103027,47.01862716674805
894,1830912,18.422290802001953,1.5896737575531006,47.01862716674805
895,1832960,18.38159942626953,2.4836337566375732,47.01862716674805
896,1835008,18.517608642578125,1.9822700023651123,47.01862716674805
897,1837056,18.45203971862793,2.0732321739196777,47.01862716674805
898,1839104,17.813304901123047,1.6677685976028442,47.01862716674805
899,1841152,17.41827964782715,1.4250437021255493,47.01862716674805
900,1843200,17.347576141357422,2.7324137687683105,47.01862716674805
901,1845248,18.087932586669922,0.7138249278068542,47.01862716674805
902,1847296,17.642663955688477,0.6203562021255493,47.01862716674805
903,1849344,16.956714630126953,2.2368178367614746,47.01862716674805
904,1851392,17.87314224243164,1.3145802021026611,47.01862716674805
905,1853440,17.80703353881836,1.3735432624816895,47.01862716674805
906,1855488,17.581104278564453,0.8159428834915161,47.01862716674805
907,1857536,18.539518356323242,1.2935147285461426,47.01862716674805
908,1859584,18.23157501220703,0.7612183690071106,47.01862716674805
909,1861632,17.698741912841797,1.1968423128128052,47.01862716674805
910,1863680,17.246559143066406,1.8741803169250488,47.01862716674805
911,1865728,18.282047271728516,1.7563151121139526,47.01862716674805
912,1867776,16.790498733520508,0.9423142075538635,47.01862716674805
913,1869824,16.664295196533203,0.7756975293159485,47.01862716674805
914,1871872,16.73917007446289,0.2167760729789734,47.01862716674805
915,1873920,17.601930618286133,1.670529842376709,47.01862716674805
916,1875968,16.77642250061035,0.9645891189575195,47.01862716674805
917,1878016,18.246009826660156,1.2674466371536255,47.01862716674805
918,1880064,16.99527359008789,1.695460319519043,47.01862716674805
919,1882112,16.840160369873047,0.4329564869403839,47.01862716674805
920,1884160,17.130678176879883,1.027513027191162,47.01862716674805
921,1886208,17.129657745361328,1.7376278638839722,47.01862716674805
922,1888256,17.884286880493164,1.4184998273849487,47.01862716674805
923,1890304,17.397756576538086,1.117889404296875,47.01862716674805
924,1892352,18.204105377197266,1.621828556060791,47.01862716674805
925,1894400,17.629436492919922,0.7988621592521667,47.01862716674805
926,1896448,18.137208938598633,1.4236395359039307,47.01862716674805
927,1898496,17.813312530517578,1.4238743782043457,47.01862716674805
928,1900544,18.30345344543457,1.1241450309753418,47.01862716674805
929,1902592,18.908309936523438,1.4270739555358887,47.01862716674805
930,1904640,17.74851417541504,0.3700936436653137,47.01862716674805
931,1906688,18.12355613708496,0.9166733622550964,47.01862716674805
932,1908736,18.282169342041016,1.299519658088684,47.01862716674805
933,1910784,18.29955291748047,0.9535813331604004,47.01862716674805
934,1912832,18.692378997802734,1.137540340423584,47.01862716674805
935,1914880,18.123252868652344,0.6884624361991882,47.01862716674805
936,1916928,18.623920440673828,1.156262993812561,47.01862716674805
937,1918976,17.573650360107422,1.0663585662841797,47.01862716674805
938,1921024,18.568334579467773,0.863316535949707,47.01862716674805
939,1923072,17.38639259338379,1.2266491651535034,47.01862716674805
940,1925120,18.318328857421875,0.6019212603569031,47.01862716674805
941,1927168,18.125730514526367,1.0332752466201782,47.01862716674805
942,1929216,17.869388580322266,0.7190461754798889,47.01862716674805
943,1931264,18.644573211669922,0.8850840330123901,47.01862716674805
944,1933312,19.189529418945312,0.6387467384338379,47.01862716674805
945,1935360,19.00868034362793,1.043224811553955,47.01862716674805
946,1937408,18.854877471923828,0.8541463017463684,47.01862716674805
947,1939456,18.708433151245117,1.7041881084442139,47.01862716674805
948,1941504,17.153228759765625,1.008137822151184,47.01862716674805
949,1943552,17.33817481994629,1.443138837814331,47.01862716674805
950,1945600,17.98196029663086,1.3850799798965454,47.01862716674805
951,1947648,17.871997833251953,1.2604353427886963,47.01862716674805
952,1949696,18.678707122802734,1.0639714002609253,47.01862716674805
953,1951744,18.19189453125,0.7547314167022705,47.01862716674805
954,1953792,18.9580135345459,0.6794381141662598,47.01862716674805
955,1955840,19.73851203918457,1.0495266914367676,47.01862716674805
956,1957888,19.264680862426758,1.3078922033309937,47.01862716674805
957,1959936,18.987070083618164,1.1728912591934204,47.01862716674805
958,1961984,18.432600021362305,1.6003572940826416,47.01862716674805
959,1964032,18.50809669494629,1.7052525281906128,47.01862716674805
960,1966080,18.10243797302246,1.60696542263031,47.01862716674805
961,1968128,19.033605575561523,1.2023099660873413,47.01862716674805
962,1970176,18.678264617919922,1.061248779296875,47.01862716674805
963,1972224,17.745426177978516,0.7334439754486084,47.01862716674805
964,1974272,18.279878616333008,0.6064038276672363,47.01862716674805
965,1976320,18.194490432739258,1.3635671138763428,47.01862716674805
966,1978368,17.793960571289062,0.3531624972820282,47.01862716674805
967,1980416,18.376384735107422,0.5341733694076538,47.01862716674805
968,1982464,17.979251861572266,1.0926532745361328,47.01862716674805
969,1984512,18.257427215576172,1.6034387350082397,47.01862716674805
970,1986560,18.711803436279297,1.0862129926681519,47.01862716674805
971,1988608,18.577516555786133,2.106262445449829,47.01862716674805
972,1990656,18.94447898864746,0.7727717757225037,47.01862716674805
973,1992704,18.53329849243164,0.8672646284103394,47.01862716674805
974,1994752,16.771577835083008,0.9752141833305359,47.01862716674805
975,1996800,17.544588088989258,0.4117273986339569,47.01862716674805
976,1998848,16.675830841064453,1.324100136756897,47.01862716674805
977,2000896,18.391918182373047,0.9464865922927856,47.01862716674805
978,2002944,17.486194610595703,1.0401214361190796,47.01862716674805
979,2004992,17.607425689697266,1.2986658811569214,47.01862716674805
980,2007040,17.681259155273438,0.3683537542819977,47.01862716674805
981,2009088,17.438743591308594,1.0397356748580933,47.01862716674805
982,2011136,16.880563735961914,1.6500060558319092,47.01862716674805
983,2013184,17.881450653076172,1.096322774887085,47.01862716674805
984,2015232,18.07634162902832,0.9672945737838745,47.01862716674805
985,2017280,17.084087371826172,1.8239190578460693,47.01862716674805
986,2019328,17.48534393310547,1.1931381225585938,47.01862716674805
987,2021376,16.67063331604004,1.3570637702941895,47.01862716674805
988,2023424,17.505882263183594,1.3783494234085083,47.01862716674805
989,2025472,18.059188842773438,0.49686723947525024,47.01862716674805
990,2027520,17.36733627319336,0.8997730016708374,47.01862716674805
991,2029568,18.300308227539062,0.9954267740249634,47.01862716674805
992,2031616,18.72748565673828,0.579147219657898,47.01862716674805
993,2033664,17.640565872192383,1.1185404062271118,47.01862716674805
994,2035712,19.77853012084961,0.4883944094181061,47.01862716674805
995,2037760,18.591846466064453,0.4021950960159302,47.01862716674805
996,2039808,19.11019515991211,0.6572409272193909,47.01862716674805
997,2041856,18.637367248535156,0.5772206783294678,47.01862716674805
998,2043904,18.812152862548828,0.7638862729072571,47.01862716674805
999,2045952,18.406330108642578,0.40971535444259644,47.01862716674805
1000,2048000,18.995330810546875,1.033176302909851,47.01862716674805
