model,timeframe,target,variant,features,seq_len,prob_threshold,trades,wins,losses,winrate_%,final_deposit,status
DQN_15m_long_V1.pt,15m,long,1,macd|supertrend,32,0.6,162,124,38,76.54,103.41,✅ ok
DQN_15m_long_V10.pt,15m,long,10,macd|supertrend|ema_20|rsi_14|bb_upper|bb_middle|bb_lower,32,0.6,217,158,59,72.81,102.68,✅ ok
DQN_15m_long_V11.pt,15m,long,11,macd|supertrend|ema_20|rsi_14|bb_upper|bb_middle|bb_lower|mfi_14,32,0.6,27,21,6,77.78,100.19,✅ ok
DQN_15m_long_V12.pt,15m,long,12,macd|supertrend|ema_20|rsi_14|bb_upper|bb_middle|bb_lower|mfi_14|obv,32,0.6,170,125,45,73.53,101.87,✅ ok
DQN_15m_long_V13.pt,15m,long,13,macd|supertrend|ema_20|rsi_14|bb_upper|bb_middle|bb_lower|mfi_14|obv|trend_up_valid|trend_up_slope|trend_up_confirmed|trend_down_valid|trend_down_slope|trend_down_confirmed,32,0.6,14,11,3,78.57,99.9,✅ ok
DQN_15m_long_V14.pt,15m,long,14,macd|supertrend|ema_20|rsi_14|bb_upper|bb_middle|bb_lower|mfi_14|obv|trend_up_valid|trend_up_slope|trend_up_confirmed|trend_down_valid|trend_down_slope|trend_down_confirmed|pivot|r1|s1|r2|s2,32,0.6,12,8,4,66.67,99.4,✅ ok
DQN_15m_long_V15.pt,15m,long,15,macd|supertrend|ema_20|rsi_14|bb_upper|bb_middle|bb_lower|stc|mfi_14|obv|cci_20|mom_10|roc_14|zscore_20|sar|pivot|r1|s1|r2|s2|ha_open|ha_close|trend_up_valid|trend_up_slope|trend_up_confirmed|trend_up_angle_deg|trend_up_distance|trend_up_break_above|trend_up_break_below|trend_down_valid|trend_down_slope|trend_down_confirmed|trend_down_angle_deg|trend_down_distance|trend_down_break_above|trend_down_break_below,32,0.6,178,138,40,77.53,103.2,✅ ok
DQN_15m_long_V2.pt,15m,long,2,macd|ema_20,32,0.6,104,71,33,68.27,100.67,✅ ok
DQN_15m_long_V3.pt,15m,long,3,macd|rsi_14,32,0.6,1,1,0,100.0,100.0,✅ ok
DQN_15m_long_V4.pt,15m,long,4,macd|bb_upper|bb_middle|bb_lower,32,0.6,232,168,64,72.41,99.14,✅ ok
DQN_15m_long_V5.pt,15m,long,5,macd|ema_20|rsi_14,32,0.6,24,15,9,62.5,101.71,✅ ok
DQN_15m_long_V6.pt,15m,long,6,macd|ema_20|bb_upper|bb_middle|bb_lower,32,0.6,50,37,13,74.0,100.69,✅ ok
DQN_15m_long_V7.pt,15m,long,7,macd|supertrend|ema_20,32,0.6,175,128,47,73.14,99.66,✅ ok
DQN_15m_long_V8.pt,15m,long,8,macd|supertrend|rsi_14,32,0.6,64,44,20,68.75,101.59,✅ ok
DQN_15m_long_V9.pt,15m,long,9,macd|supertrend|ema_20|rsi_14,32,0.6,53,43,10,81.13,100.19,✅ ok
DQN_15m_short_V1.pt,15m,short,1,macd|supertrend,32,0.6,81,0,81,0.0,78.4,✅ ok
DQN_15m_short_V10.pt,15m,short,10,macd|supertrend|ema_20|rsi_14|bb_upper|bb_middle|bb_lower,32,0.6,100,0,100,0.0,74.05,✅ ok
DQN_15m_short_V11.pt,15m,short,11,macd|supertrend|ema_20|rsi_14|bb_upper|bb_middle|bb_lower|mfi_14,32,0.6,1,0,1,0.0,99.7,✅ ok
DQN_15m_short_V12.pt,15m,short,12,macd|supertrend|ema_20|rsi_14|bb_upper|bb_middle|bb_lower|mfi_14|obv,32,0.6,67,0,67,0.0,81.77,✅ ok
DQN_15m_short_V13.pt,15m,short,13,macd|supertrend|ema_20|rsi_14|bb_upper|bb_middle|bb_lower|mfi_14|obv|trend_up_valid|trend_up_slope|trend_up_confirmed|trend_down_valid|trend_down_slope|trend_down_confirmed,32,0.6,117,0,117,0.0,70.36,✅ ok
DQN_15m_short_V14.pt,15m,short,14,macd|supertrend|ema_20|rsi_14|bb_upper|bb_middle|bb_lower|mfi_14|obv|trend_up_valid|trend_up_slope|trend_up_confirmed|trend_down_valid|trend_down_slope|trend_down_confirmed|pivot|r1|s1|r2|s2,32,0.6,120,0,120,0.0,69.73,✅ ok
DQN_15m_short_V15.pt,15m,short,15,macd|supertrend|ema_20|rsi_14|bb_upper|bb_middle|bb_lower|stc|mfi_14|obv|cci_20|mom_10|roc_14|zscore_20|sar|pivot|r1|s1|r2|s2|ha_open|ha_close|trend_up_valid|trend_up_slope|trend_up_confirmed|trend_up_angle_deg|trend_up_distance|trend_up_break_above|trend_up_break_below|trend_down_valid|trend_down_slope|trend_down_confirmed|trend_down_angle_deg|trend_down_distance|trend_down_break_above|trend_down_break_below,32,0.6,20,0,20,0.0,94.17,✅ ok
DQN_15m_short_V2.pt,15m,short,2,macd|ema_20,32,0.6,29,0,29,0.0,91.66,✅ ok
DQN_15m_short_V3.pt,15m,short,3,macd|rsi_14,32,0.6,15,0,15,0.0,95.59,✅ ok
DQN_15m_short_V4.pt,15m,short,4,macd|bb_upper|bb_middle|bb_lower,32,0.6,28,0,28,0.0,91.93,✅ ok
DQN_15m_short_V5.pt,15m,short,5,macd|ema_20|rsi_14,32,0.6,221,0,221,0.0,51.48,✅ ok
DQN_15m_short_V6.pt,15m,short,6,macd|ema_20|bb_upper|bb_middle|bb_lower,32,0.6,44,0,44,0.0,87.62,✅ ok
DQN_15m_short_V7.pt,15m,short,7,macd|supertrend|ema_20,32,0.6,86,0,86,0.0,77.23,✅ ok
DQN_15m_short_V8.pt,15m,short,8,macd|supertrend|rsi_14,32,0.6,165,0,165,0.0,60.91,✅ ok
DQN_15m_short_V9.pt,15m,short,9,macd|supertrend|ema_20|rsi_14,32,0.6,84,0,84,0.0,77.7,✅ ok
DQN_1d_long_V1.pt,1d,long,1,macd|supertrend,32,0.6,28,18,10,64.29,101.59,✅ ok
DQN_1d_long_V10.pt,1d,long,10,macd|supertrend|ema_20|rsi_14|bb_upper|bb_middle|bb_lower,32,0.6,21,18,3,85.71,101.4,✅ ok
DQN_1d_long_V11.pt,1d,long,11,macd|supertrend|ema_20|rsi_14|bb_upper|bb_middle|bb_lower|mfi_14,32,0.6,17,12,5,70.59,103.45,✅ ok
DQN_1d_long_V12.pt,1d,long,12,macd|supertrend|ema_20|rsi_14|bb_upper|bb_middle|bb_lower|mfi_14|obv,32,0.6,10,8,2,80.0,101.61,✅ ok
DQN_1d_long_V13.pt,1d,long,13,macd|supertrend|ema_20|rsi_14|bb_upper|bb_middle|bb_lower|mfi_14|obv|trend_up_valid|trend_up_slope|trend_up_confirmed|trend_down_valid|trend_down_slope|trend_down_confirmed,32,0.6,26,19,7,73.08,103.03,✅ ok
DQN_1d_long_V14.pt,1d,long,14,macd|supertrend|ema_20|rsi_14|bb_upper|bb_middle|bb_lower|mfi_14|obv|trend_up_valid|trend_up_slope|trend_up_confirmed|trend_down_valid|trend_down_slope|trend_down_confirmed|pivot|r1|s1|r2|s2,32,0.6,12,10,2,83.33,101.2,✅ ok
DQN_1d_long_V15.pt,1d,long,15,macd|supertrend|ema_20|rsi_14|bb_upper|bb_middle|bb_lower|stc|mfi_14|obv|cci_20|mom_10|roc_14|zscore_20|sar|pivot|r1|s1|r2|s2|ha_open|ha_close|trend_up_valid|trend_up_slope|trend_up_confirmed|trend_up_angle_deg|trend_up_distance|trend_up_break_above|trend_up_break_below|trend_down_valid|trend_down_slope|trend_down_confirmed|trend_down_angle_deg|trend_down_distance|trend_down_break_above|trend_down_break_below,32,0.6,33,28,5,84.85,101.8,✅ ok
DQN_1d_long_V2.pt,1d,long,2,macd|ema_20,32,0.6,21,18,3,85.71,103.03,✅ ok
DQN_1d_long_V3.pt,1d,long,3,macd|rsi_14,32,0.6,24,17,7,70.83,105.11,✅ ok
DQN_1d_long_V4.pt,1d,long,4,macd|bb_upper|bb_middle|bb_lower,32,0.6,22,13,9,59.09,105.11,✅ ok
DQN_1d_long_V5.pt,1d,long,5,macd|ema_20|rsi_14,32,0.6,6,4,2,66.67,100.4,✅ ok
DQN_1d_long_V6.pt,1d,long,6,macd|ema_20|bb_upper|bb_middle|bb_lower,32,0.6,20,15,5,75.0,103.03,✅ ok
DQN_1d_long_V7.pt,1d,long,7,macd|supertrend|ema_20,32,0.6,19,14,5,73.68,102.62,✅ ok
DQN_1d_long_V8.pt,1d,long,8,macd|supertrend|rsi_14,32,0.6,26,20,6,76.92,104.48,✅ ok
DQN_1d_long_V9.pt,1d,long,9,macd|supertrend|ema_20|rsi_14,32,0.6,25,16,9,64.0,103.44,✅ ok
DQN_1d_short_V1.pt,1d,short,1,macd|supertrend,32,0.6,12,0,12,0.0,93.03,✅ ok
DQN_1d_short_V10.pt,1d,short,10,macd|supertrend|ema_20|rsi_14|bb_upper|bb_middle|bb_lower,32,0.6,11,0,11,0.0,93.59,✅ ok
DQN_1d_short_V11.pt,1d,short,11,macd|supertrend|ema_20|rsi_14|bb_upper|bb_middle|bb_lower|mfi_14,32,0.6,35,0,35,0.0,81.01,✅ ok
DQN_1d_short_V12.pt,1d,short,12,macd|supertrend|ema_20|rsi_14|bb_upper|bb_middle|bb_lower|mfi_14|obv,32,0.6,29,0,29,0.0,83.99,✅ ok
DQN_1d_short_V13.pt,1d,short,13,macd|supertrend|ema_20|rsi_14|bb_upper|bb_middle|bb_lower|mfi_14|obv|trend_up_valid|trend_up_slope|trend_up_confirmed|trend_down_valid|trend_down_slope|trend_down_confirmed,32,0.6,16,0,16,0.0,90.82,✅ ok
DQN_1d_short_V14.pt,1d,short,14,macd|supertrend|ema_20|rsi_14|bb_upper|bb_middle|bb_lower|mfi_14|obv|trend_up_valid|trend_up_slope|trend_up_confirmed|trend_down_valid|trend_down_slope|trend_down_confirmed|pivot|r1|s1|r2|s2,32,0.6,33,0,33,0.0,81.99,✅ ok
DQN_1d_short_V15.pt,1d,short,15,macd|supertrend|ema_20|rsi_14|bb_upper|bb_middle|bb_lower|stc|mfi_14|obv|cci_20|mom_10|roc_14|zscore_20|sar|pivot|r1|s1|r2|s2|ha_open|ha_close|trend_up_valid|trend_up_slope|trend_up_confirmed|trend_up_angle_deg|trend_up_distance|trend_up_break_above|trend_up_break_below|trend_down_valid|trend_down_slope|trend_down_confirmed|trend_down_angle_deg|trend_down_distance|trend_down_break_above|trend_down_break_below,32,0.6,26,0,26,0.0,85.52,✅ ok
DQN_1d_short_V2.pt,1d,short,2,macd|ema_20,32,0.6,11,0,11,0.0,93.59,✅ ok
DQN_1d_short_V3.pt,1d,short,3,macd|rsi_14,32,0.6,46,0,46,0.0,75.82,✅ ok
DQN_1d_short_V4.pt,1d,short,4,macd|bb_upper|bb_middle|bb_lower,32,0.6,27,0,27,0.0,85.0,✅ ok
DQN_1d_short_V5.pt,1d,short,5,macd|ema_20|rsi_14,32,0.6,38,0,38,0.0,79.56,✅ ok
DQN_1d_short_V6.pt,1d,short,6,macd|ema_20|bb_upper|bb_middle|bb_lower,32,0.6,16,0,16,0.0,90.82,✅ ok
DQN_1d_short_V7.pt,1d,short,7,macd|supertrend|ema_20,32,0.6,20,0,20,0.0,88.66,✅ ok
DQN_1d_short_V8.pt,1d,short,8,macd|supertrend|rsi_14,32,0.6,37,0,37,0.0,80.04,✅ ok
DQN_1d_short_V9.pt,1d,short,9,macd|supertrend|ema_20|rsi_14,32,0.6,22,0,22,0.0,87.6,✅ ok
DQN_1h_long_V1.pt,1h,long,1,macd|supertrend,32,0.6,208,172,36,82.69,102.35,✅ ok
DQN_1h_long_V10.pt,1h,long,10,macd|supertrend|ema_20|rsi_14|bb_upper|bb_middle|bb_lower,32,0.6,282,235,47,83.33,101.2,✅ ok
DQN_1h_long_V11.pt,1h,long,11,macd|supertrend|ema_20|rsi_14|bb_upper|bb_middle|bb_lower|mfi_14,32,0.6,319,263,56,82.45,94.64,✅ ok
DQN_1h_long_V12.pt,1h,long,12,macd|supertrend|ema_20|rsi_14|bb_upper|bb_middle|bb_lower|mfi_14|obv,32,0.6,196,164,32,83.67,100.13,✅ ok
DQN_1h_long_V13.pt,1h,long,13,macd|supertrend|ema_20|rsi_14|bb_upper|bb_middle|bb_lower|mfi_14|obv|trend_up_valid|trend_up_slope|trend_up_confirmed|trend_down_valid|trend_down_slope|trend_down_confirmed,32,0.6,291,235,56,80.76,96.93,✅ ok
DQN_1h_long_V14.pt,1h,long,14,macd|supertrend|ema_20|rsi_14|bb_upper|bb_middle|bb_lower|mfi_14|obv|trend_up_valid|trend_up_slope|trend_up_confirmed|trend_down_valid|trend_down_slope|trend_down_confirmed|pivot|r1|s1|r2|s2,32,0.6,4,4,0,100.0,100.4,✅ ok
DQN_1h_long_V15.pt,1h,long,15,macd|supertrend|ema_20|rsi_14|bb_upper|bb_middle|bb_lower|stc|mfi_14|obv|cci_20|mom_10|roc_14|zscore_20|sar|pivot|r1|s1|r2|s2|ha_open|ha_close|trend_up_valid|trend_up_slope|trend_up_confirmed|trend_up_angle_deg|trend_up_distance|trend_up_break_above|trend_up_break_below|trend_down_valid|trend_down_slope|trend_down_confirmed|trend_down_angle_deg|trend_down_distance|trend_down_break_above|trend_down_break_below,32,0.6,552,455,97,82.43,101.3,✅ ok
DQN_1h_long_V2.pt,1h,long,2,macd|ema_20,32,0.6,221,179,42,81.0,101.93,✅ ok
DQN_1h_long_V3.pt,1h,long,3,macd|rsi_14,32,0.6,204,175,29,85.78,102.26,✅ ok
DQN_1h_long_V4.pt,1h,long,4,macd|bb_upper|bb_middle|bb_lower,32,0.6,142,119,23,83.8,100.85,✅ ok
DQN_1h_long_V5.pt,1h,long,5,macd|ema_20|rsi_14,32,0.6,115,94,21,81.74,99.26,✅ ok
DQN_1h_long_V6.pt,1h,long,6,macd|ema_20|bb_upper|bb_middle|bb_lower,32,0.6,13,11,2,84.62,99.8,✅ ok
DQN_1h_long_V7.pt,1h,long,7,macd|supertrend|ema_20,32,0.6,80,66,14,82.5,98.78,✅ ok
DQN_1h_long_V8.pt,1h,long,8,macd|supertrend|rsi_14,32,0.6,230,195,35,84.78,100.23,✅ ok
DQN_1h_long_V9.pt,1h,long,9,macd|supertrend|ema_20|rsi_14,32,0.6,266,228,38,85.71,103.37,✅ ok
DQN_1h_short_V1.pt,1h,short,1,macd|supertrend,32,0.6,15,0,15,0.0,92.76,✅ ok
DQN_1h_short_V10.pt,1h,short,10,macd|supertrend|ema_20|rsi_14|bb_upper|bb_middle|bb_lower,32,0.6,56,0,56,0.0,75.53,✅ ok
DQN_1h_short_V11.pt,1h,short,11,macd|supertrend|ema_20|rsi_14|bb_upper|bb_middle|bb_lower|mfi_14,32,0.6,22,0,22,0.0,89.56,✅ ok
DQN_1h_short_V12.pt,1h,short,12,macd|supertrend|ema_20|rsi_14|bb_upper|bb_middle|bb_lower|mfi_14|obv,32,0.6,270,0,270,0.0,25.84,✅ ok
DQN_1h_short_V13.pt,1h,short,13,macd|supertrend|ema_20|rsi_14|bb_upper|bb_middle|bb_lower|mfi_14|obv|trend_up_valid|trend_up_slope|trend_up_confirmed|trend_down_valid|trend_down_slope|trend_down_confirmed,32,0.6,337,0,337,0.0,18.47,✅ ok
DQN_1h_short_V14.pt,1h,short,14,macd|supertrend|ema_20|rsi_14|bb_upper|bb_middle|bb_lower|mfi_14|obv|trend_up_valid|trend_up_slope|trend_up_confirmed|trend_down_valid|trend_down_slope|trend_down_confirmed|pivot|r1|s1|r2|s2,32,0.6,94,0,94,0.0,62.43,✅ ok
DQN_1h_short_V15.pt,1h,short,15,macd|supertrend|ema_20|rsi_14|bb_upper|bb_middle|bb_lower|stc|mfi_14|obv|cci_20|mom_10|roc_14|zscore_20|sar|pivot|r1|s1|r2|s2|ha_open|ha_close|trend_up_valid|trend_up_slope|trend_up_confirmed|trend_up_angle_deg|trend_up_distance|trend_up_break_above|trend_up_break_below|trend_down_valid|trend_down_slope|trend_down_confirmed|trend_down_angle_deg|trend_down_distance|trend_down_break_above|trend_down_break_below,32,0.6,703,0,703,0.0,2.95,✅ ok
DQN_1h_short_V2.pt,1h,short,2,macd|ema_20,32,0.6,26,0,26,0.0,87.78,✅ ok
DQN_1h_short_V3.pt,1h,short,3,macd|rsi_14,32,0.6,163,0,163,0.0,44.17,✅ ok
DQN_1h_short_V4.pt,1h,short,4,macd|bb_upper|bb_middle|bb_lower,32,0.6,207,0,207,0.0,35.43,✅ ok
DQN_1h_short_V5.pt,1h,short,5,macd|ema_20|rsi_14,32,0.6,427,0,427,0.0,11.76,✅ ok
DQN_1h_short_V6.pt,1h,short,6,macd|ema_20|bb_upper|bb_middle|bb_lower,32,0.6,11,0,11,0.0,94.64,✅ ok
DQN_1h_short_V7.pt,1h,short,7,macd|supertrend|ema_20,32,0.6,8,0,8,0.0,96.07,✅ ok
DQN_1h_short_V8.pt,1h,short,8,macd|supertrend|rsi_14,32,0.6,223,0,223,0.0,32.7,✅ ok
DQN_1h_short_V9.pt,1h,short,9,macd|supertrend|ema_20|rsi_14,32,0.6,569,0,569,0.0,5.77,✅ ok
DQN_30m_long_V1.pt,30m,long,1,macd|supertrend,32,0.6,129,103,26,79.84,103.63,✅ ok
DQN_30m_long_V10.pt,30m,long,10,macd|supertrend|ema_20|rsi_14|bb_upper|bb_middle|bb_lower,32,0.6,144,112,32,77.78,101.16,✅ ok
DQN_30m_long_V11.pt,30m,long,11,macd|supertrend|ema_20|rsi_14|bb_upper|bb_middle|bb_lower|mfi_14,32,0.6,1,1,0,100.0,100.0,✅ ok
DQN_30m_long_V12.pt,30m,long,12,macd|supertrend|ema_20|rsi_14|bb_upper|bb_middle|bb_lower|mfi_14|obv,32,0.6,24,17,7,70.83,98.4,✅ ok
DQN_30m_long_V13.pt,30m,long,13,macd|supertrend|ema_20|rsi_14|bb_upper|bb_middle|bb_lower|mfi_14|obv|trend_up_valid|trend_up_slope|trend_up_confirmed|trend_down_valid|trend_down_slope|trend_down_confirmed,32,0.6,86,74,12,86.05,102.41,✅ ok
DQN_30m_long_V14.pt,30m,long,14,macd|supertrend|ema_20|rsi_14|bb_upper|bb_middle|bb_lower|mfi_14|obv|trend_up_valid|trend_up_slope|trend_up_confirmed|trend_down_valid|trend_down_slope|trend_down_confirmed|pivot|r1|s1|r2|s2,32,0.6,51,40,11,78.43,99.58,✅ ok
DQN_30m_long_V15.pt,30m,long,15,macd|supertrend|ema_20|rsi_14|bb_upper|bb_middle|bb_lower|stc|mfi_14|obv|cci_20|mom_10|roc_14|zscore_20|sar|pivot|r1|s1|r2|s2|ha_open|ha_close|trend_up_valid|trend_up_slope|trend_up_confirmed|trend_up_angle_deg|trend_up_distance|trend_up_break_above|trend_up_break_below|trend_down_valid|trend_down_slope|trend_down_confirmed|trend_down_angle_deg|trend_down_distance|trend_down_break_above|trend_down_break_below,32,0.6,355,286,69,80.56,102.32,✅ ok
DQN_30m_long_V2.pt,30m,long,2,macd|ema_20,32,0.6,116,87,29,75.0,99.16,✅ ok
DQN_30m_long_V3.pt,30m,long,3,macd|rsi_14,32,0.6,16,13,3,81.25,101.2,✅ ok
DQN_30m_long_V4.pt,30m,long,4,macd|bb_upper|bb_middle|bb_lower,32,0.6,81,61,20,75.31,99.97,✅ ok
DQN_30m_long_V5.pt,30m,long,5,macd|ema_20|rsi_14,32,0.6,99,79,20,79.8,98.78,✅ ok
DQN_30m_long_V6.pt,30m,long,6,macd|ema_20|bb_upper|bb_middle|bb_lower,32,0.6,239,196,43,82.01,104.84,✅ ok
DQN_30m_long_V7.pt,30m,long,7,macd|supertrend|ema_20,32,0.6,75,60,15,80.0,102.4,✅ ok
DQN_30m_long_V8.pt,30m,long,8,macd|supertrend|rsi_14,32,0.6,200,155,45,77.5,104.42,✅ ok
DQN_30m_long_V9.pt,30m,long,9,macd|supertrend|ema_20|rsi_14,32,0.6,90,69,21,76.67,98.38,✅ ok
DQN_30m_short_V1.pt,30m,short,1,macd|supertrend,32,0.6,166,0,166,0.0,51.41,✅ ok
DQN_30m_short_V10.pt,30m,short,10,macd|supertrend|ema_20|rsi_14|bb_upper|bb_middle|bb_lower,32,0.6,154,0,154,0.0,53.94,✅ ok
DQN_30m_short_V11.pt,30m,short,11,macd|supertrend|ema_20|rsi_14|bb_upper|bb_middle|bb_lower|mfi_14,32,0.6,152,0,152,0.0,54.38,✅ ok
DQN_30m_short_V12.pt,30m,short,12,macd|supertrend|ema_20|rsi_14|bb_upper|bb_middle|bb_lower|mfi_14|obv,32,0.6,5,0,5,0.0,98.02,✅ ok
DQN_30m_short_V13.pt,30m,short,13,macd|supertrend|ema_20|rsi_14|bb_upper|bb_middle|bb_lower|mfi_14|obv|trend_up_valid|trend_up_slope|trend_up_confirmed|trend_down_valid|trend_down_slope|trend_down_confirmed,32,0.6,114,0,114,0.0,63.32,✅ ok
DQN_30m_short_V14.pt,30m,short,14,macd|supertrend|ema_20|rsi_14|bb_upper|bb_middle|bb_lower|mfi_14|obv|trend_up_valid|trend_up_slope|trend_up_confirmed|trend_down_valid|trend_down_slope|trend_down_confirmed|pivot|r1|s1|r2|s2,32,0.6,58,0,58,0.0,79.26,✅ ok
DQN_30m_short_V15.pt,30m,short,15,macd|supertrend|ema_20|rsi_14|bb_upper|bb_middle|bb_lower|stc|mfi_14|obv|cci_20|mom_10|roc_14|zscore_20|sar|pivot|r1|s1|r2|s2|ha_open|ha_close|trend_up_valid|trend_up_slope|trend_up_confirmed|trend_up_angle_deg|trend_up_distance|trend_up_break_above|trend_up_break_below|trend_down_valid|trend_down_slope|trend_down_confirmed|trend_down_angle_deg|trend_down_distance|trend_down_break_above|trend_down_break_below,32,0.6,43,0,43,0.0,84.17,✅ ok
DQN_30m_short_V2.pt,30m,short,2,macd|ema_20,32,0.6,92,0,92,0.0,69.16,✅ ok
DQN_30m_short_V3.pt,30m,short,3,macd|rsi_14,32,0.6,298,0,298,0.0,30.29,✅ ok
DQN_30m_short_V4.pt,30m,short,4,macd|bb_upper|bb_middle|bb_lower,32,0.6,4,0,4,0.0,98.41,✅ ok
DQN_30m_short_V5.pt,30m,short,5,macd|ema_20|rsi_14,32,0.6,363,0,363,0.0,23.34,✅ ok
DQN_30m_short_V6.pt,30m,short,6,macd|ema_20|bb_upper|bb_middle|bb_lower,32,0.6,41,0,41,0.0,84.85,✅ ok
DQN_30m_short_V7.pt,30m,short,7,macd|supertrend|ema_20,32,0.6,84,0,84,0.0,71.41,✅ ok
DQN_30m_short_V8.pt,30m,short,8,macd|supertrend|rsi_14,32,0.6,480,0,480,0.0,14.6,✅ ok
DQN_30m_short_V9.pt,30m,short,9,macd|supertrend|ema_20|rsi_14,32,0.6,194,0,194,0.0,45.95,✅ ok
DQN_4h_long_V1.pt,4h,long,1,macd|supertrend,32,0.6,103,88,15,85.44,103.83,✅ ok
DQN_4h_long_V10.pt,4h,long,10,macd|supertrend|ema_20|rsi_14|bb_upper|bb_middle|bb_lower,32,0.6,100,82,18,82.0,103.61,✅ ok
DQN_4h_long_V11.pt,4h,long,11,macd|supertrend|ema_20|rsi_14|bb_upper|bb_middle|bb_lower|mfi_14,32,0.6,136,117,19,86.03,103.4,✅ ok
DQN_4h_long_V12.pt,4h,long,12,macd|supertrend|ema_20|rsi_14|bb_upper|bb_middle|bb_lower|mfi_14|obv,32,0.6,124,98,26,79.03,98.35,✅ ok
DQN_4h_long_V13.pt,4h,long,13,macd|supertrend|ema_20|rsi_14|bb_upper|bb_middle|bb_lower|mfi_14|obv|trend_up_valid|trend_up_slope|trend_up_confirmed|trend_down_valid|trend_down_slope|trend_down_confirmed,32,0.6,85,71,14,83.53,98.38,✅ ok
DQN_4h_long_V14.pt,4h,long,14,macd|supertrend|ema_20|rsi_14|bb_upper|bb_middle|bb_lower|mfi_14|obv|trend_up_valid|trend_up_slope|trend_up_confirmed|trend_down_valid|trend_down_slope|trend_down_confirmed|pivot|r1|s1|r2|s2,32,0.6,159,138,21,86.79,103.39,✅ ok
DQN_4h_long_V15.pt,4h,long,15,macd|supertrend|ema_20|rsi_14|bb_upper|bb_middle|bb_lower|stc|mfi_14|obv|cci_20|mom_10|roc_14|zscore_20|sar|pivot|r1|s1|r2|s2|ha_open|ha_close|trend_up_valid|trend_up_slope|trend_up_confirmed|trend_up_angle_deg|trend_up_distance|trend_up_break_above|trend_up_break_below|trend_down_valid|trend_down_slope|trend_down_confirmed|trend_down_angle_deg|trend_down_distance|trend_down_break_above|trend_down_break_below,32,0.6,106,82,24,77.36,103.19,✅ ok
DQN_4h_long_V2.pt,4h,long,2,macd|ema_20,32,0.6,49,38,11,77.55,96.52,✅ ok
DQN_4h_long_V3.pt,4h,long,3,macd|rsi_14,32,0.6,10,9,1,90.0,99.8,✅ ok
DQN_4h_long_V4.pt,4h,long,4,macd|bb_upper|bb_middle|bb_lower,32,0.6,52,36,16,69.23,101.58,✅ ok
DQN_4h_long_V5.pt,4h,long,5,macd|ema_20|rsi_14,32,0.6,164,135,29,82.32,101.74,✅ ok
DQN_4h_long_V6.pt,4h,long,6,macd|ema_20|bb_upper|bb_middle|bb_lower,32,0.6,11,6,5,54.55,97.04,✅ ok
DQN_4h_long_V7.pt,4h,long,7,macd|supertrend|ema_20,32,0.6,57,48,9,84.21,100.98,✅ ok
DQN_4h_long_V8.pt,4h,long,8,macd|supertrend|rsi_14,32,0.6,136,117,19,86.03,106.62,✅ ok
DQN_4h_long_V9.pt,4h,long,9,macd|supertrend|ema_20|rsi_14,32,0.6,32,24,8,75.0,99.58,✅ ok
DQN_4h_short_V1.pt,4h,short,1,macd|supertrend,32,0.6,50,0,50,0.0,74.01,✅ ok
DQN_4h_short_V10.pt,4h,short,10,macd|supertrend|ema_20|rsi_14|bb_upper|bb_middle|bb_lower,32,0.6,94,0,94,0.0,56.8,✅ ok
DQN_4h_short_V11.pt,4h,short,11,macd|supertrend|ema_20|rsi_14|bb_upper|bb_middle|bb_lower|mfi_14,32,0.6,177,0,177,0.0,34.47,✅ ok
DQN_4h_short_V12.pt,4h,short,12,macd|supertrend|ema_20|rsi_14|bb_upper|bb_middle|bb_lower|mfi_14|obv,32,0.6,113,0,113,0.0,50.66,✅ ok
DQN_4h_short_V13.pt,4h,short,13,macd|supertrend|ema_20|rsi_14|bb_upper|bb_middle|bb_lower|mfi_14|obv|trend_up_valid|trend_up_slope|trend_up_confirmed|trend_down_valid|trend_down_slope|trend_down_confirmed,32,0.6,215,0,215,0.0,27.42,✅ ok
DQN_4h_short_V14.pt,4h,short,14,macd|supertrend|ema_20|rsi_14|bb_upper|bb_middle|bb_lower|mfi_14|obv|trend_up_valid|trend_up_slope|trend_up_confirmed|trend_down_valid|trend_down_slope|trend_down_confirmed|pivot|r1|s1|r2|s2,32,0.6,195,0,195,0.0,30.93,✅ ok
DQN_4h_short_V15.pt,4h,short,15,macd|supertrend|ema_20|rsi_14|bb_upper|bb_middle|bb_lower|stc|mfi_14|obv|cci_20|mom_10|roc_14|zscore_20|sar|pivot|r1|s1|r2|s2|ha_open|ha_close|trend_up_valid|trend_up_slope|trend_up_confirmed|trend_up_angle_deg|trend_up_distance|trend_up_break_above|trend_up_break_below|trend_down_valid|trend_down_slope|trend_down_confirmed|trend_down_angle_deg|trend_down_distance|trend_down_break_above|trend_down_break_below,32,0.6,196,0,196,0.0,30.74,✅ ok
DQN_4h_short_V2.pt,4h,short,2,macd|ema_20,32,0.6,16,0,16,0.0,90.82,✅ ok
DQN_4h_short_V3.pt,4h,short,3,macd|rsi_14,32,0.6,137,0,137,0.0,43.85,✅ ok
DQN_4h_short_V4.pt,4h,short,4,macd|bb_upper|bb_middle|bb_lower,32,0.6,20,0,20,0.0,88.66,✅ ok
DQN_4h_short_V5.pt,4h,short,5,macd|ema_20|rsi_14,32,0.6,122,0,122,0.0,47.99,✅ ok
DQN_4h_short_V6.pt,4h,short,6,macd|ema_20|bb_upper|bb_middle|bb_lower,32,0.6,67,0,67,0.0,66.82,✅ ok
DQN_4h_short_V7.pt,4h,short,7,macd|supertrend|ema_20,32,0.6,6,0,6,0.0,96.45,✅ ok
DQN_4h_short_V8.pt,4h,short,8,macd|supertrend|rsi_14,32,0.6,177,0,177,0.0,34.47,✅ ok
DQN_4h_short_V9.pt,4h,short,9,macd|supertrend|ema_20|rsi_14,32,0.6,208,0,208,0.0,28.6,✅ ok
