time,p_long,p_short
2017-08-17 07:59:59.999,0.5,0.5
2017-08-17 15:59:59.999,0.5,0.5
2017-08-17 23:59:59.999,0.5,0.5
2017-08-18 07:59:59.999,0.5,0.5
2017-08-18 19:59:59.999,0.5,0.5
2017-08-19 03:59:59.999,0.5,0.5
2017-08-19 11:59:59.999,0.5,0.5
2017-08-19 19:59:59.999,0.5,0.5
2017-08-20 03:59:59.999,0.5,0.5
2017-08-20 11:59:59.999,0.5,0.5
2017-08-20 23:59:59.999,0.5,0.5
2017-08-21 11:59:59.999,0.5,0.5
2017-08-21 19:59:59.999,0.5,0.5
2017-08-22 03:59:59.999,0.5,0.5
2017-08-22 11:59:59.999,0.5,0.5
2017-08-22 19:59:59.999,0.5,0.5
2017-08-23 03:59:59.999,0.5,0.5
2017-08-23 11:59:59.999,0.5,0.5
2017-08-23 19:59:59.999,0.5,0.5
2017-08-24 03:59:59.999,0.5,0.5
2017-08-24 15:59:59.999,0.5,0.5
2017-08-25 03:59:59.999,0.5,0.5
2017-08-25 11:59:59.999,0.5,0.5
2017-08-25 19:59:59.999,0.5,0.5
2017-08-26 03:59:59.999,0.5,0.5
2017-08-26 19:59:59.999,0.5,0.5
2017-08-27 03:59:59.999,0.5,0.5
2017-08-27 11:59:59.999,0.5,0.5
2017-08-28 03:59:59.999,0.5,0.5
2017-08-28 11:59:59.999,0.5,0.5
2017-08-28 23:59:59.999,0.5,0.5
2017-08-29 07:59:59.999,0.5,0.5
2017-08-29 19:59:59.999,0.5,0.5
2017-08-30 07:59:59.999,0.5,0.5
2017-08-30 15:59:59.999,0.5,0.5
2017-08-30 23:59:59.999,0.5,0.5
2017-08-31 23:59:59.999,0.5,0.5
2017-09-02 03:59:59.999,0.5,0.5
2017-09-02 11:59:59.999,0.5,0.5
2017-09-02 19:59:59.999,0.5,0.5
2017-09-03 03:59:59.999,0.5,0.5
2017-09-03 11:59:59.999,0.5,0.5
2017-09-03 19:59:59.999,0.5,0.5
2017-09-04 03:59:59.999,0.5,0.5
2017-09-04 11:59:59.999,0.5,0.5
2017-09-04 19:59:59.999,0.5,0.5
2017-09-05 03:59:59.999,0.5,0.5
2017-09-05 11:59:59.999,0.5,0.5
2017-09-05 19:59:59.999,0.5,0.5
2017-09-06 03:59:59.999,0.5,0.5
2017-09-06 11:59:59.999,0.5,0.5
2017-09-06 16:00:00.000,0.5,0.5
2017-09-07 07:59:59.999,0.5,0.5
2017-09-07 15:59:59.999,0.5,0.5
2017-09-07 23:59:59.999,0.5,0.5
2017-09-08 07:59:59.999,0.5,0.5
2017-09-08 15:59:59.999,0.5,0.5
2017-09-08 23:59:59.999,0.5,0.5
2017-09-09 07:59:59.999,0.5,0.5
2017-09-09 19:59:59.999,0.5,0.5
2017-09-10 07:59:59.999,0.5,0.5
2017-09-10 15:59:59.999,0.5,0.5
2017-09-10 23:59:59.999,0.5,0.5
2017-09-11 07:59:59.999,0.5,0.5
2017-09-11 15:59:59.999,0.5,0.5
2017-09-11 23:59:59.999,0.5,0.5
2017-09-12 11:59:59.999,0.5,0.5
2017-09-12 19:59:59.999,0.5,0.5
2017-09-13 03:59:59.999,0.5,0.5
2017-09-13 11:59:59.999,0.5,0.5
2017-09-13 19:59:59.999,0.5,0.5
2017-09-14 07:59:59.999,0.5,0.5
2017-09-14 15:59:59.999,0.5,0.5
2017-09-14 23:59:59.999,0.5,0.5
2017-09-15 07:59:59.999,0.5,0.5
2017-09-15 15:59:59.999,0.5,0.5
2017-09-15 23:59:59.999,0.5,0.5
2017-09-16 07:59:59.999,0.5,0.5
2017-09-16 15:59:59.999,0.5,0.5
2017-09-16 23:59:59.999,0.5,0.5
2017-09-17 07:59:59.999,0.5,0.5
2017-09-17 15:59:59.999,0.5,0.5
2017-09-17 23:59:59.999,0.5,0.5
2017-09-18 07:59:59.999,0.5,0.5
2017-09-18 15:59:59.999,0.5,0.5
2017-09-18 23:59:59.999,0.5,0.5
2017-09-19 07:59:59.999,0.5,0.5
2017-09-19 15:59:59.999,0.5,0.5
2017-09-19 23:59:59.999,0.5,0.5
2017-09-20 07:59:59.999,0.5,0.5
2017-09-20 15:59:59.999,0.5,0.5
2017-09-21 03:59:59.999,0.5,0.5
2017-09-21 19:59:59.999,0.5,0.5
2017-09-22 03:59:59.999,0.5,0.5
2017-09-22 11:59:59.999,0.5,0.5
2017-09-22 19:59:59.999,0.5,0.5
2017-09-23 03:59:59.999,0.5,0.5
2017-09-23 11:59:59.999,0.5,0.5
2017-09-23 19:59:59.999,0.5,0.5
2017-09-24 03:59:59.999,0.5,0.5
2017-09-24 11:59:59.999,0.5,0.5
2017-09-24 19:59:59.999,0.5,0.5
2017-09-25 07:59:59.999,0.5,0.5
2017-09-25 19:59:59.999,0.5,0.5
2017-09-26 11:59:59.999,0.5,0.5
2017-09-27 03:59:59.999,0.5,0.5
2017-09-27 15:59:59.999,0.5,0.5
2017-09-28 03:59:59.999,0.5,0.5
2017-09-28 15:59:59.999,0.5,0.5
2017-09-28 23:59:59.999,0.5,0.5
2017-09-29 07:59:59.999,0.5,0.5
2017-09-29 15:59:59.999,0.5,0.5
2017-09-29 23:59:59.999,0.5,0.5
2017-09-30 11:59:59.999,0.5,0.5
2017-09-30 23:59:59.999,0.5,0.5
2017-10-01 07:59:59.999,0.5,0.5
2017-10-01 19:59:59.999,0.5,0.5
2017-10-02 03:59:59.999,0.5,0.5
2017-10-02 15:59:59.999,0.5,0.5
2017-10-03 07:59:59.999,0.5,0.5
2017-10-03 15:59:59.999,0.5,0.5
2017-10-04 03:59:59.999,0.5,0.5
2017-10-04 15:59:59.999,0.5,0.5
2017-10-05 07:59:59.999,0.5,0.5
2017-10-05 19:59:59.999,0.5,0.5
2017-10-06 19:59:59.999,0.5,0.5
2017-10-07 15:59:59.999,0.5,0.5
2017-10-08 03:59:59.999,0.5,0.5
2017-10-08 15:59:59.999,0.5,0.5
2017-10-09 03:59:59.999,0.5,0.5
2017-10-09 11:59:59.999,0.5,0.5
2017-10-09 23:59:59.999,0.5,0.5
2017-10-10 11:59:59.999,0.5,0.5
2017-10-10 23:59:59.999,0.5,0.5
2017-10-11 07:59:59.999,0.5,0.5
2017-10-11 19:59:59.999,0.5,0.5
2017-10-12 15:59:59.999,0.5,0.5
2017-10-12 23:59:59.999,0.5,0.5
2017-10-13 07:59:59.999,0.5,0.5
2017-10-13 15:59:59.999,0.5,0.5
2017-10-13 23:59:59.999,0.5,0.5
2017-10-14 11:59:59.999,0.5,0.5
2017-10-14 23:59:59.999,0.5,0.5
2017-10-15 07:59:59.999,0.5,0.5
2017-10-15 15:59:59.999,0.5,0.5
2017-10-16 03:59:59.999,0.5,0.5
2017-10-16 11:59:59.999,0.5,0.5
2017-10-16 23:59:59.999,0.5,0.5
2017-10-17 07:59:59.999,0.5,0.5
2017-10-17 15:59:59.999,0.5,0.5
2017-10-18 07:59:59.999,0.5,0.5
2017-10-18 15:59:59.999,0.5,0.5
2017-10-19 03:59:59.999,0.5,0.5
2017-10-19 11:59:59.999,0.5,0.5
2017-10-19 23:59:59.999,0.5,0.5
2017-10-20 19:59:59.999,0.5,0.5
2017-10-21 03:59:59.999,0.5,0.5
2017-10-21 11:59:59.999,0.5,0.5
2017-10-21 23:59:59.999,0.5,0.5
2017-10-22 07:59:59.999,0.5,0.5
2017-10-22 15:59:59.999,0.5,0.5
2017-10-22 23:59:59.999,0.5,0.5
2017-10-23 11:59:59.999,0.5,0.5
2017-10-23 19:59:59.999,0.5,0.5
2017-10-24 03:59:59.999,0.5,0.5
2017-10-24 11:59:59.999,0.5,0.5
2017-10-24 19:59:59.999,0.5,0.5
2017-10-25 03:59:59.999,0.5,0.5
2017-10-25 11:59:59.999,0.5,0.5
2017-10-25 19:59:59.999,0.5,0.5
2017-10-26 03:59:59.999,0.5,0.5
2017-10-26 19:59:59.999,0.5,0.5
2017-10-27 11:59:59.999,0.5,0.5
2017-10-27 19:59:59.999,0.5,0.5
2017-10-28 07:59:59.999,0.5,0.5
2017-10-28 15:59:59.999,0.5,0.5
2017-10-29 07:59:59.999,0.5,0.5
2017-10-29 19:59:59.999,0.5,0.5
2017-10-30 03:59:59.999,0.5,0.5
2017-10-30 15:59:59.999,0.5,0.5
2017-10-30 23:59:59.999,0.5,0.5
2017-10-31 19:59:59.999,0.5,0.5
2017-11-01 15:59:59.999,0.5,0.5
2017-11-02 07:59:59.999,0.5,0.5
2017-11-02 15:59:59.999,0.5,0.5
2017-11-02 23:59:59.999,0.5,0.5
2017-11-03 11:59:59.999,0.5,0.5
2017-11-04 03:59:59.999,0.5,0.5
2017-11-04 15:59:59.999,0.5,0.5
2017-11-04 23:59:59.999,0.5,0.5
2017-11-05 11:59:59.999,0.5,0.5
2017-11-05 19:59:59.999,0.5,0.5
2017-11-06 03:59:59.999,0.5,0.5
2017-11-06 11:59:59.999,0.5,0.5
2017-11-06 19:59:59.999,0.5,0.5
2017-11-07 03:59:59.999,0.5,0.5
2017-11-07 11:59:59.999,0.5,0.5
2017-11-07 19:59:59.999,0.5,0.5
2017-11-08 07:59:59.999,0.5,0.5
2017-11-08 23:59:59.999,0.5,0.5
2017-11-09 07:59:59.999,0.5,0.5
2017-11-09 15:59:59.999,0.5,0.5
2017-11-10 11:59:59.999,0.5,0.5
2017-11-10 19:59:59.999,0.5,0.5
2017-11-11 03:59:59.999,0.5,0.5
2017-11-11 11:59:59.999,0.5,0.5
2017-11-11 19:59:59.999,0.5,0.5
2017-11-12 03:59:59.999,0.5,0.5
2017-11-12 11:59:59.999,0.5,0.5
2017-11-12 19:59:59.999,0.5,0.5
2017-11-13 03:59:59.999,0.5,0.5
2017-11-13 11:59:59.999,0.5,0.5
2017-11-13 19:59:59.999,0.5,0.5
2017-11-14 03:59:59.999,0.5,0.5
2017-11-14 15:59:59.999,0.5,0.5
2017-11-15 07:59:59.999,0.5,0.5
2017-11-15 15:59:59.999,0.5,0.5
2017-11-15 23:59:59.999,0.5,0.5
2017-11-16 07:59:59.999,0.5,0.5
2017-11-16 15:59:59.999,0.5,0.5
2017-11-16 23:59:59.999,0.5,0.5
2017-11-17 07:59:59.999,0.5,0.5
2017-11-17 15:59:59.999,0.5,0.5
2017-11-17 23:59:59.999,0.5,0.5
2017-11-18 07:59:59.999,0.5,0.5
2017-11-18 15:59:59.999,0.5,0.5
2017-11-19 11:59:59.999,0.5,0.5
2017-11-19 23:59:59.999,0.5,0.5
2017-11-20 23:59:59.999,0.5,0.5
2017-11-21 07:59:59.999,0.5,0.5
2017-11-21 19:59:59.999,0.5,0.5
2017-11-22 03:59:59.999,0.5,0.5
2017-11-22 19:59:59.999,0.5,0.5
2017-11-23 15:59:59.999,0.5,0.5
2017-11-24 03:59:59.999,0.5,0.5
2017-11-24 15:59:59.999,0.5,0.5
2017-11-25 07:59:59.999,0.5,0.5
2017-11-25 15:59:59.999,0.5,0.5
2017-11-26 07:59:59.999,0.5,0.5
2017-11-26 23:59:59.999,0.5,0.5
2017-11-27 07:59:59.999,0.5,0.5
2017-11-27 15:59:59.999,0.5,0.5
2017-11-27 23:59:59.999,0.5,0.5
2017-11-29 07:59:59.999,0.5,0.5
2017-11-29 15:59:59.999,0.5,0.5
2017-11-29 23:59:59.999,0.5,0.5
2017-11-30 07:59:59.999,0.5,0.5
2017-11-30 15:59:59.999,0.5,0.5
2017-11-30 23:59:59.999,0.5,0.5
2017-12-01 07:59:59.999,0.5,0.5
2017-12-01 15:59:59.999,0.5,0.5
2017-12-01 23:59:59.999,0.5,0.5
2017-12-02 11:59:59.999,0.5,0.5
2017-12-02 19:59:59.999,0.5,0.5
2017-12-03 03:59:59.999,0.5,0.5
2017-12-03 11:59:59.999,0.5,0.5
2017-12-03 19:59:59.999,0.5,0.5
2017-12-04 03:59:59.999,0.5,0.5
2017-12-04 11:59:59.999,0.5,0.5
2017-12-04 19:59:59.999,0.5,0.5
2017-12-05 03:59:59.999,0.5,0.5
2017-12-05 15:59:59.999,0.5,0.5
2017-12-05 23:59:59.999,0.5,0.5
2017-12-06 07:59:59.999,0.5,0.5
2017-12-06 15:59:59.999,0.5,0.5
2017-12-06 23:59:59.999,0.5,0.5
2017-12-07 07:59:59.999,0.5,0.5
2017-12-07 15:59:59.999,0.5,0.5
2017-12-07 23:59:59.999,0.5,0.5
2017-12-08 07:59:59.999,0.5,0.5
2017-12-08 15:59:59.999,0.5,0.5
2017-12-08 23:59:59.999,0.5,0.5
2017-12-09 07:59:59.999,0.5,0.5
2017-12-09 15:59:59.999,0.5,0.5
2017-12-09 23:59:59.999,0.5,0.5
2017-12-10 07:59:59.999,0.5,0.5
2017-12-10 15:59:59.999,0.5,0.5
2017-12-10 23:59:59.999,0.5,0.5
2017-12-11 07:59:59.999,0.5,0.5
2017-12-11 15:59:59.999,0.5,0.5
2017-12-11 23:59:59.999,0.5,0.5
2017-12-12 07:59:59.999,0.5,0.5
2017-12-12 15:59:59.999,0.5,0.5
2017-12-12 23:59:59.999,0.5,0.5
2017-12-13 07:59:59.999,0.5,0.5
2017-12-13 15:59:59.999,0.5,0.5
2017-12-13 23:59:59.999,0.5,0.5
2017-12-14 07:59:59.999,0.5,0.5
2017-12-14 15:59:59.999,0.5,0.5
2017-12-14 23:59:59.999,0.5,0.5
2017-12-15 07:59:59.999,0.5,0.5
2017-12-15 15:59:59.999,0.5,0.5
2017-12-15 23:59:59.999,0.5,0.5
2017-12-16 07:59:59.999,0.5,0.5
2017-12-16 19:59:59.999,0.5,0.5
2017-12-17 03:59:59.999,0.5,0.5
2017-12-17 15:59:59.999,0.5,0.5
2017-12-17 23:59:59.999,0.5,0.5
2017-12-18 07:59:59.999,0.5,0.5
2017-12-18 15:59:59.999,0.5,0.5
2017-12-18 23:59:59.999,0.5,0.5
2017-12-19 07:59:59.999,0.5,0.5
2017-12-19 15:59:59.999,0.5,0.5
2017-12-19 23:59:59.999,0.5,0.5
2017-12-20 07:59:59.999,0.5,0.5
2017-12-20 15:59:59.999,0.5,0.5
2017-12-20 23:59:59.999,0.5,0.5
2017-12-21 07:59:59.999,0.5,0.5
2017-12-21 15:59:59.999,0.5,0.5
2017-12-21 23:59:59.999,0.5,0.5
2017-12-22 07:59:59.999,0.5,0.5
2017-12-22 15:59:59.999,0.5,0.5
2017-12-22 23:59:59.999,0.5,0.5
2017-12-23 07:59:59.999,0.5,0.5
2017-12-23 15:59:59.999,0.5,0.5
2017-12-23 23:59:59.999,0.5,0.5
2017-12-24 07:59:59.999,0.5,0.5
2017-12-24 15:59:59.999,0.5,0.5
2017-12-24 23:59:59.999,0.5,0.5
2017-12-25 07:59:59.999,0.5,0.5
2017-12-25 15:59:59.999,0.5,0.5
2017-12-25 23:59:59.999,0.5,0.5
2017-12-26 07:59:59.999,0.5,0.5
2017-12-26 15:59:59.999,0.5,0.5
2017-12-26 23:59:59.999,0.5,0.5
2017-12-27 07:59:59.999,0.5,0.5
2017-12-27 15:59:59.999,0.5,0.5
2017-12-27 23:59:59.999,0.5,0.5
2017-12-28 07:59:59.999,0.5,0.5
2017-12-28 15:59:59.999,0.5,0.5
2017-12-28 23:59:59.999,0.5,0.5
2017-12-29 07:59:59.999,0.5,0.5
2017-12-29 15:59:59.999,0.5,0.5
2017-12-29 23:59:59.999,0.5,0.5
2017-12-30 07:59:59.999,0.5,0.5
2017-12-30 15:59:59.999,0.5,0.5
2017-12-30 23:59:59.999,0.5,0.5
2017-12-31 07:59:59.999,0.5,0.5
2017-12-31 15:59:59.999,0.5,0.5
2017-12-31 23:59:59.999,0.5,0.5
2018-01-01 07:59:59.999,0.5,0.5
2018-01-01 15:59:59.999,0.5,0.5
2018-01-01 23:59:59.999,0.5,0.5
2018-01-02 07:59:59.999,0.5,0.5
2018-01-02 19:59:59.999,0.5,0.5
2018-01-03 03:59:59.999,0.5,0.5
2018-01-03 11:59:59.999,0.5,0.5
2018-01-03 19:59:59.999,0.5,0.5
2018-01-04 07:59:59.999,0.5,0.5
2018-01-04 15:59:59.999,0.5,0.5
2018-01-04 23:59:59.999,0.5,0.5
2018-01-05 07:59:59.999,0.5,0.5
2018-01-05 15:59:59.999,0.5,0.5
2018-01-05 23:59:59.999,0.5,0.5
2018-01-06 07:59:59.999,0.5,0.5
2018-01-06 15:59:59.999,0.5,0.5
2018-01-07 03:59:59.999,0.5,0.5
2018-01-07 11:59:59.999,0.5,0.5
2018-01-07 19:59:59.999,0.5,0.5
2018-01-08 03:59:59.999,0.5,0.5
2018-01-08 11:59:59.999,0.5,0.5
2018-01-08 19:59:59.999,0.5,0.5
2018-01-09 03:59:59.999,0.5,0.5
2018-01-09 11:59:59.999,0.5,0.5
2018-01-09 19:59:59.999,0.5,0.5
2018-01-10 03:59:59.999,0.5,0.5
2018-01-10 11:59:59.999,0.5,0.5
2018-01-10 19:59:59.999,0.5,0.5
2018-01-11 03:59:59.999,0.5,0.5
2018-01-11 11:59:59.999,0.5,0.5
2018-01-11 19:59:59.999,0.5,0.5
2018-01-12 03:59:59.999,0.5,0.5
2018-01-12 11:59:59.999,0.5,0.5
2018-01-12 19:59:59.999,0.5,0.5
2018-01-13 03:59:59.999,0.5,0.5
2018-01-13 15:59:59.999,0.5,0.5
2018-01-13 23:59:59.999,0.5,0.5
2018-01-14 11:59:59.999,0.5,0.5
2018-01-14 19:59:59.999,0.5,0.5
2018-01-15 03:59:59.999,0.5,0.5
2018-01-15 11:59:59.999,0.5,0.5
2018-01-15 19:59:59.999,0.5,0.5
2018-01-16 03:59:59.999,0.5,0.5
2018-01-16 11:59:59.999,0.5,0.5
2018-01-16 19:59:59.999,0.5,0.5
2018-01-17 03:59:59.999,0.5,0.5
2018-01-17 11:59:59.999,0.5,0.5
2018-01-17 19:59:59.999,0.5,0.5
2018-01-18 03:59:59.999,0.5,0.5
2018-01-18 11:59:59.999,0.5,0.5
2018-01-18 19:59:59.999,0.5,0.5
2018-01-19 03:59:59.999,0.5,0.5
2018-01-19 11:59:59.999,0.5,0.5
2018-01-19 19:59:59.999,0.5,0.5
2018-01-20 07:59:59.999,0.5,0.5
2018-01-20 15:59:59.999,0.5,0.5
2018-01-20 23:59:59.999,0.5,0.5
2018-01-21 07:59:59.999,0.5,0.5
2018-01-21 15:59:59.999,0.5,0.5
2018-01-21 23:59:59.999,0.5,0.5
2018-01-22 07:59:59.999,0.5,0.5
2018-01-22 15:59:59.999,0.5,0.5
2018-01-22 23:59:59.999,0.5,0.5
2018-01-23 07:59:59.999,0.5,0.5
2018-01-23 15:59:59.999,0.5,0.5
2018-01-23 23:59:59.999,0.5,0.5
2018-01-24 07:59:59.999,0.5,0.5
2018-01-24 15:59:59.999,0.5,0.5
2018-01-24 23:59:59.999,0.5,0.5
2018-01-25 07:59:59.999,0.5,0.5
2018-01-25 15:59:59.999,0.5,0.5
2018-01-25 23:59:59.999,0.5,0.5
2018-01-26 07:59:59.999,0.5,0.5
2018-01-26 15:59:59.999,0.5,0.5
2018-01-26 23:59:59.999,0.5,0.5
2018-01-27 07:59:59.999,0.5,0.5
2018-01-27 15:59:59.999,0.5,0.5
2018-01-27 23:59:59.999,0.5,0.5
2018-01-28 07:59:59.999,0.5,0.5
2018-01-28 19:59:59.999,0.5,0.5
2018-01-29 03:59:59.999,0.5,0.5
2018-01-29 11:59:59.999,0.5,0.5
2018-01-29 19:59:59.999,0.5,0.5
2018-01-30 03:59:59.999,0.5,0.5
2018-01-30 11:59:59.999,0.5,0.5
2018-01-30 19:59:59.999,0.5,0.5
2018-01-31 03:59:59.999,0.5,0.5
2018-01-31 11:59:59.999,0.5,0.5
2018-01-31 19:59:59.999,0.5,0.5
2018-02-01 07:59:59.999,0.5,0.5
2018-02-01 15:59:59.999,0.5,0.5
2018-02-01 23:59:59.999,0.5,0.5
2018-02-02 07:59:59.999,0.5,0.5
2018-02-02 15:59:59.999,0.5,0.5
2018-02-02 23:59:59.999,0.5,0.5
2018-02-03 07:59:59.999,0.5,0.5
2018-02-03 15:59:59.999,0.5,0.5
2018-02-03 23:59:59.999,0.5,0.5
2018-02-04 07:59:59.999,0.5,0.5
2018-02-04 15:59:59.999,0.5,0.5
2018-02-04 23:59:59.999,0.5,0.5
2018-02-05 07:59:59.999,0.5,0.5
2018-02-05 15:59:59.999,0.5,0.5
2018-02-05 23:59:59.999,0.5,0.5
2018-02-06 07:59:59.999,0.5,0.5
2018-02-06 15:59:59.999,0.5,0.5
2018-02-06 23:59:59.999,0.5,0.5
2018-02-07 07:59:59.999,0.5,0.5
2018-02-07 15:59:59.999,0.5,0.5
2018-02-07 23:59:59.999,0.5,0.5
2018-02-09 11:59:59.999,0.5,0.5
2018-02-09 19:59:59.999,0.5,0.5
2018-02-10 03:59:59.999,0.5,0.5
2018-02-10 11:59:59.999,0.5,0.5
2018-02-10 19:59:59.999,0.5,0.5
2018-02-11 03:59:59.999,0.5,0.5
2018-02-11 11:59:59.999,0.5,0.5
2018-02-11 19:59:59.999,0.5,0.5
2018-02-12 03:59:59.999,0.5,0.5
2018-02-12 11:59:59.999,0.5,0.5
2018-02-12 19:59:59.999,0.5,0.5
2018-02-13 03:59:59.999,0.5,0.5
2018-02-13 11:59:59.999,0.5,0.5
2018-02-13 19:59:59.999,0.5,0.5
2018-02-14 03:59:59.999,0.5,0.5
2018-02-14 19:59:59.999,0.5,0.5
2018-02-15 07:59:59.999,0.5,0.5
2018-02-15 15:59:59.999,0.5,0.5
2018-02-15 23:59:59.999,0.5,0.5
2018-02-16 07:59:59.999,0.5,0.5
2018-02-16 15:59:59.999,0.5,0.5
2018-02-16 23:59:59.999,0.5,0.5
2018-02-17 07:59:59.999,0.5,0.5
2018-02-17 15:59:59.999,0.5,0.5
2018-02-18 03:59:59.999,0.5,0.5
2018-02-18 11:59:59.999,0.5,0.5
2018-02-18 19:59:59.999,0.5,0.5
2018-02-19 03:59:59.999,0.5,0.5
2018-02-19 11:59:59.999,0.5,0.5
2018-02-19 23:59:59.999,0.5,0.5
2018-02-20 07:59:59.999,0.5,0.5
2018-02-20 15:59:59.999,0.5,0.5
2018-02-21 03:59:59.999,0.5,0.5
2018-02-21 11:59:59.999,0.5,0.5
2018-02-21 19:59:59.999,0.5,0.5
2018-02-22 03:59:59.999,0.5,0.5
2018-02-22 11:59:59.999,0.5,0.5
2018-02-22 19:59:59.999,0.5,0.5
2018-02-23 03:59:59.999,0.5,0.5
2018-02-23 11:59:59.999,0.5,0.5
2018-02-23 23:59:59.999,0.5,0.5
2018-02-24 07:59:59.999,0.5,0.5
2018-02-24 15:59:59.999,0.5,0.5
2018-02-24 23:59:59.999,0.5,0.5
2018-02-25 07:59:59.999,0.5,0.5
2018-02-25 15:59:59.999,0.5,0.5
2018-02-26 07:59:59.999,0.5,0.5
2018-02-26 15:59:59.999,0.5,0.5
2018-02-26 23:59:59.999,0.5,0.5
2018-02-27 07:59:59.999,0.5,0.5
2018-02-27 15:59:59.999,0.5,0.5
2018-02-28 03:59:59.999,0.5,0.5
2018-02-28 11:59:59.999,0.5,0.5
2018-02-28 19:59:59.999,0.5,0.5
2018-03-01 03:59:59.999,0.5,0.5
2018-03-01 11:59:59.999,0.5,0.5
2018-03-01 19:59:59.999,0.5,0.5
2018-03-02 03:59:59.999,0.5,0.5
2018-03-02 11:59:59.999,0.5,0.5
2018-03-02 19:59:59.999,0.5,0.5
2018-03-03 07:59:59.999,0.5,0.5
2018-03-04 03:59:59.999,0.5,0.5
2018-03-05 03:59:59.999,0.5,0.5
2018-03-06 03:59:59.999,0.5,0.5
2018-03-06 15:59:59.999,0.5,0.5
2018-03-06 23:59:59.999,0.5,0.5
2018-03-07 07:59:59.999,0.5,0.5
2018-03-07 19:59:59.999,0.5,0.5
2018-03-08 03:59:59.999,0.5,0.5
2018-03-08 11:59:59.999,0.5,0.5
2018-03-08 19:59:59.999,0.5,0.5
2018-03-09 03:59:59.999,0.5,0.5
2018-03-09 11:59:59.999,0.5,0.5
2018-03-09 19:59:59.999,0.5,0.5
2018-03-10 03:59:59.999,0.5,0.5
2018-03-10 11:59:59.999,0.5,0.5
2018-03-10 19:59:59.999,0.5,0.5
2018-03-11 03:59:59.999,0.5,0.5
2018-03-11 11:59:59.999,0.5,0.5
2018-03-11 19:59:59.999,0.5,0.5
2018-03-12 03:59:59.999,0.5,0.5
2018-03-12 15:59:59.999,0.5,0.5
2018-03-12 23:59:59.999,0.5,0.5
2018-03-13 07:59:59.999,0.5,0.5
2018-03-13 15:59:59.999,0.5,0.5
2018-03-13 23:59:59.999,0.5,0.5
2018-03-14 11:59:59.999,0.5,0.5
2018-03-14 19:59:59.999,0.5,0.5
2018-03-15 03:59:59.999,0.5,0.5
2018-03-15 11:59:59.999,0.5,0.5
2018-03-15 19:59:59.999,0.5,0.5
2018-03-16 03:59:59.999,0.5,0.5
2018-03-16 11:59:59.999,0.5,0.5
2018-03-16 19:59:59.999,0.5,0.5
2018-03-17 03:59:59.999,0.5,0.5
2018-03-17 15:59:59.999,0.5,0.5
2018-03-17 23:59:59.999,0.5,0.5
2018-03-18 07:59:59.999,0.5,0.5
2018-03-18 15:59:59.999,0.5,0.5
2018-03-18 23:59:59.999,0.5,0.5
2018-03-19 07:59:59.999,0.5,0.5
2018-03-19 15:59:59.999,0.5,0.5
2018-03-19 23:59:59.999,0.5,0.5
2018-03-20 07:59:59.999,0.5,0.5
2018-03-20 23:59:59.999,0.5,0.5
2018-03-21 11:59:59.999,0.5,0.5
2018-03-21 19:59:59.999,0.5,0.5
2018-03-22 15:59:59.999,0.5,0.5
2018-03-23 07:59:59.999,0.5,0.5
2018-03-23 15:59:59.999,0.5,0.5
2018-03-23 23:59:59.999,0.5,0.5
2018-03-24 11:59:59.999,0.5,0.5
2018-03-24 19:59:59.999,0.5,0.5
2018-03-25 03:59:59.999,0.5,0.5
2018-03-25 11:59:59.999,0.5,0.5
2018-03-25 23:59:59.999,0.5,0.5
2018-03-26 15:59:59.999,0.5,0.5
2018-03-26 23:59:59.999,0.5,0.5
2018-03-27 07:59:59.999,0.5,0.5
2018-03-27 15:59:59.999,0.5,0.5
2018-03-27 23:59:59.999,0.5,0.5
2018-03-28 15:59:59.999,0.5,0.5
2018-03-28 23:59:59.999,0.5,0.5
2018-03-29 11:59:59.999,0.5,0.5
2018-03-29 19:59:59.999,0.5,0.5
2018-03-30 03:59:59.999,0.5,0.5
2018-03-30 11:59:59.999,0.5,0.5
2018-03-30 19:59:59.999,0.5,0.5
2018-03-31 03:59:59.999,0.5,0.5
2018-03-31 11:59:59.999,0.5,0.5
2018-03-31 19:59:59.999,0.5,0.5
2018-04-01 03:59:59.999,0.5,0.5
2018-04-01 11:59:59.999,0.5,0.5
2018-04-01 19:59:59.999,0.5,0.5
2018-04-02 03:59:59.999,0.5,0.5
2018-04-02 11:59:59.999,0.5,0.5
2018-04-02 19:59:59.999,0.5,0.5
2018-04-03 11:59:59.999,0.5,0.5
2018-04-03 19:59:59.999,0.5,0.5
2018-04-04 03:59:59.999,0.5,0.5
2018-04-04 15:59:59.999,0.5,0.5
2018-04-04 23:59:59.999,0.5,0.5
2018-04-05 07:59:59.999,0.5,0.5
2018-04-05 15:59:59.999,0.5,0.5
2018-04-06 07:59:59.999,0.5,0.5
2018-04-06 15:59:59.999,0.5,0.5
2018-04-07 07:59:59.999,0.5,0.5
2018-04-07 19:59:59.999,0.5,0.5
2018-04-08 03:59:59.999,0.5,0.5
2018-04-08 11:59:59.999,0.5,0.5
2018-04-08 23:59:59.999,0.5,0.5
2018-04-09 15:59:59.999,0.5,0.5
2018-04-10 03:59:59.999,0.5,0.5
2018-04-10 11:59:59.999,0.5,0.5
2018-04-11 19:59:59.999,0.5,0.5
2018-04-12 07:59:59.999,0.5,0.5
2018-04-12 15:59:59.999,0.5,0.5
2018-04-13 03:59:59.999,0.5,0.5
2018-04-13 11:59:59.999,0.5,0.5
2018-04-13 19:59:59.999,0.5,0.5
2018-04-14 03:59:59.999,0.5,0.5
2018-04-14 15:59:59.999,0.5,0.5
2018-04-15 03:59:59.999,0.5,0.5
2018-04-15 15:59:59.999,0.5,0.5
2018-04-16 07:59:59.999,0.5,0.5
2018-04-16 19:59:59.999,0.5,0.5
2018-04-17 07:59:59.999,0.5,0.5
2018-04-17 23:59:59.999,0.5,0.5
2018-04-18 11:59:59.999,0.5,0.5
2018-04-18 19:59:59.999,0.5,0.5
2018-04-19 03:59:59.999,0.5,0.5
2018-04-20 11:59:59.999,0.5,0.5
2018-04-21 03:59:59.999,0.5,0.5
2018-04-21 11:59:59.999,0.5,0.5
2018-04-22 15:59:59.999,0.5,0.5
2018-04-23 03:59:59.999,0.5,0.5
2018-04-23 15:59:59.999,0.5,0.5
2018-04-24 07:59:59.999,0.5,0.5
2018-04-24 19:59:59.999,0.5,0.5
2018-04-25 03:59:59.999,0.5,0.5
2018-04-25 11:59:59.999,0.5,0.5
2018-04-25 19:59:59.999,0.5,0.5
2018-04-26 03:59:59.999,0.5,0.5
2018-04-26 11:59:59.999,0.5,0.5
2018-04-27 03:59:59.999,0.5,0.5
2018-04-27 23:59:59.999,0.5,0.5
2018-04-28 07:59:59.999,0.5,0.5
2018-04-28 19:59:59.999,0.5,0.5
2018-04-29 15:59:59.999,0.5,0.5
2018-04-30 07:59:59.999,0.5,0.5
2018-05-01 03:59:59.999,0.5,0.5
2018-05-01 19:59:59.999,0.5,0.5
2018-05-02 07:59:59.999,0.5,0.5
2018-05-03 19:59:59.999,0.5,0.5
2018-05-04 07:59:59.999,0.5,0.5
2018-05-04 15:59:59.999,0.5,0.5
2018-05-05 15:59:59.999,0.5,0.5
2018-05-06 03:59:59.999,0.5,0.5
2018-05-06 11:59:59.999,0.5,0.5
2018-05-06 23:59:59.999,0.5,0.5
2018-05-07 07:59:59.999,0.5,0.5
2018-05-07 15:59:59.999,0.5,0.5
2018-05-08 03:59:59.999,0.5,0.5
2018-05-08 15:59:59.999,0.5,0.5
2018-05-09 07:59:59.999,0.5,0.5
2018-05-09 19:59:59.999,0.5,0.5
2018-05-10 23:59:59.999,0.5,0.5
2018-05-11 07:59:59.999,0.5,0.5
2018-05-11 15:59:59.999,0.5,0.5
2018-05-11 23:59:59.999,0.5,0.5
2018-05-12 11:59:59.999,0.5,0.5
2018-05-12 19:59:59.999,0.5,0.5
2018-05-13 03:59:59.999,0.5,0.5
2018-05-13 11:59:59.999,0.5,0.5
2018-05-13 23:59:59.999,0.5,0.5
2018-05-14 07:59:59.999,0.5,0.5
2018-05-14 19:59:59.999,0.5,0.5
2018-05-15 03:59:59.999,0.5,0.5
2018-05-15 19:59:59.999,0.5,0.5
2018-05-16 03:59:59.999,0.5,0.5
2018-05-16 15:59:59.999,0.5,0.5
2018-05-16 23:59:59.999,0.5,0.5
2018-05-17 07:59:59.999,0.5,0.5
2018-05-17 19:59:59.999,0.5,0.5
2018-05-18 03:59:59.999,0.5,0.5
2018-05-18 23:59:59.999,0.5,0.5
2018-05-19 11:59:59.999,0.5,0.5
2018-05-20 03:59:59.999,0.5,0.5
2018-05-20 23:59:59.999,0.5,0.5
2018-05-21 19:59:59.999,0.5,0.5
2018-05-22 15:59:59.999,0.5,0.5
2018-05-23 03:59:59.999,0.5,0.5
2018-05-23 11:59:59.999,0.5,0.5
2018-05-23 19:59:59.999,0.5,0.5
2018-05-24 03:59:59.999,0.5,0.5
2018-05-24 11:59:59.999,0.5,0.5
2018-05-24 19:59:59.999,0.5,0.5
2018-05-25 03:59:59.999,0.5,0.5
2018-05-25 11:59:59.999,0.5,0.5
2018-05-25 19:59:59.999,0.5,0.5
2018-05-26 07:59:59.999,0.5,0.5
2018-05-27 03:59:59.999,0.5,0.5
2018-05-27 15:59:59.999,0.5,0.5
2018-05-28 11:59:59.999,0.5,0.5
2018-05-28 23:59:59.999,0.5,0.5
2018-05-29 15:59:59.999,0.5,0.5
2018-05-30 03:59:59.999,0.5,0.5
2018-05-30 19:59:59.999,0.5,0.5
2018-05-31 11:59:59.999,0.5,0.5
2018-06-01 03:59:59.999,0.5,0.5
2018-06-01 15:59:59.999,0.5,0.5
2018-06-02 07:59:59.999,0.5,0.5
2018-06-03 23:59:59.999,0.5,0.5
2018-06-04 11:59:59.999,0.5,0.5
2018-06-05 07:59:59.999,0.5,0.5
2018-06-05 23:59:59.999,0.5,0.5
2018-06-06 23:59:59.999,0.5,0.5
2018-06-07 19:59:59.999,0.5,0.5
2018-06-08 15:59:59.999,0.5,0.5
2018-06-10 03:59:59.999,0.5,0.5
2018-06-10 23:59:59.999,0.5,0.5
2018-06-11 11:59:59.999,0.5,0.5
2018-06-11 19:59:59.999,0.5,0.5
2018-06-12 19:59:59.999,0.5,0.5
2018-06-13 03:59:59.999,0.5,0.5
2018-06-13 11:59:59.999,0.5,0.5
2018-06-13 19:59:59.999,0.5,0.5
2018-06-14 07:59:59.999,0.5,0.5
2018-06-14 15:59:59.999,0.5,0.5
2018-06-14 23:59:59.999,0.5,0.5
2018-06-15 11:59:59.999,0.5,0.5
2018-06-15 23:59:59.999,0.5,0.5
2018-06-16 19:59:59.999,0.5,0.5
2018-06-17 19:59:59.999,0.5,0.5
2018-06-18 03:59:59.999,0.5,0.5
2018-06-18 15:59:59.999,0.5,0.5
2018-06-18 23:59:59.999,0.5,0.5
2018-06-19 23:59:59.999,0.5,0.5
2018-06-20 07:59:59.999,0.5,0.5
2018-06-22 07:59:59.999,0.5,0.5
2018-06-22 15:59:59.999,0.5,0.5
2018-06-23 03:59:59.999,0.5,0.5
2018-06-23 19:59:59.999,0.5,0.5
2018-06-24 07:59:59.999,0.5,0.5
2018-06-24 19:59:59.999,0.5,0.5
2018-06-25 19:59:59.999,0.5,0.5
2018-06-26 19:59:59.999,0.5,0.5
2018-06-27 03:59:59.999,0.5,0.5
2018-06-27 19:59:59.999,0.5,0.5
2018-06-29 03:59:59.999,0.5,0.5
2018-06-29 11:59:59.999,0.5,0.5
2018-06-30 03:59:59.999,0.5,0.5
2018-06-30 19:59:59.999,0.5,0.5
2018-07-01 07:59:59.999,0.5,0.5
2018-07-01 19:59:59.999,0.5,0.5
2018-07-02 07:59:59.999,0.5,0.5
2018-07-02 19:59:59.999,0.5,0.5
2018-07-03 15:59:59.999,0.5,0.5
2018-07-04 00:22:25.551,0.5,0.5
2018-07-04 19:59:59.999,0.5,0.5
2018-07-05 03:59:59.999,0.5,0.5
2018-07-05 23:59:59.999,0.5,0.5
2018-07-06 11:59:59.999,0.5,0.5
2018-07-06 23:59:59.999,0.5,0.5
2018-07-08 03:59:59.999,0.5,0.5
2018-07-10 03:59:59.999,0.5,0.5
2018-07-10 15:59:59.999,0.5,0.5
2018-07-11 03:59:59.999,0.5,0.5
2018-07-11 23:59:59.999,0.5,0.5
2018-07-12 11:59:59.999,0.5,0.5
2018-07-13 03:59:59.999,0.5,0.5
2018-07-13 11:59:59.999,0.5,0.5
2018-07-13 23:59:59.999,0.5,0.5
2018-07-14 07:59:59.999,0.5,0.5
2018-07-14 23:59:59.999,0.5,0.5
2018-07-16 15:59:59.999,0.5,0.5
2018-07-17 23:59:59.999,0.5,0.5
2018-07-18 07:59:59.999,0.5,0.5
2018-07-18 15:59:59.999,0.5,0.5
2018-07-18 23:59:59.999,0.5,0.5
2018-07-19 07:59:59.999,0.5,0.5
2018-07-20 03:59:59.999,0.5,0.5
2018-07-20 11:59:59.999,0.5,0.5
2018-07-20 23:59:59.999,0.5,0.5
2018-07-21 07:59:59.999,0.5,0.5
2018-07-22 19:59:59.999,0.5,0.5
2018-07-23 03:59:59.999,0.5,0.5
2018-07-24 11:59:59.999,0.5,0.5
2018-07-24 19:59:59.999,0.5,0.5
2018-07-25 15:59:59.999,0.5,0.5
2018-07-27 03:59:59.999,0.5,0.5
2018-07-27 19:59:59.999,0.5,0.5
2018-07-28 19:59:59.999,0.5,0.5
2018-07-29 11:59:59.999,0.5,0.5
2018-07-30 07:59:59.999,0.5,0.5
2018-07-30 23:59:59.999,0.5,0.5
2018-07-31 15:59:59.999,0.5,0.5
2018-07-31 23:59:59.999,0.5,0.5
2018-08-01 07:59:59.999,0.5,0.5
2018-08-01 15:59:59.999,0.5,0.5
2018-08-02 03:59:59.999,0.5,0.5
2018-08-02 19:59:59.999,0.5,0.5
2018-08-03 07:59:59.999,0.5,0.5
2018-08-03 23:59:59.999,0.5,0.5
2018-08-04 11:59:59.999,0.5,0.5
2018-08-04 19:59:59.999,0.5,0.5
2018-08-05 07:59:59.999,0.5,0.5
2018-08-05 19:59:59.999,0.5,0.5
2018-08-06 11:59:59.999,0.5,0.5
2018-08-06 19:59:59.999,0.5,0.5
2018-08-07 03:59:59.999,0.5,0.5
2018-08-07 19:59:59.999,0.5,0.5
2018-08-08 03:59:59.999,0.5,0.5
2018-08-08 11:59:59.999,0.5,0.5
2018-08-08 19:59:59.999,0.5,0.5
2018-08-09 03:59:59.999,0.5,0.5
2018-08-09 11:59:59.999,0.5,0.5
2018-08-09 19:59:59.999,0.5,0.5
2018-08-10 07:59:59.999,0.5,0.5
2018-08-10 15:59:59.999,0.5,0.5
2018-08-10 23:59:59.999,0.5,0.5
2018-08-11 11:59:59.999,0.5,0.5
2018-08-11 23:59:59.999,0.5,0.5
2018-08-12 07:59:59.999,0.5,0.5
2018-08-12 19:59:59.999,0.5,0.5
2018-08-13 03:59:59.999,0.5,0.5
2018-08-13 15:59:59.999,0.5,0.5
2018-08-13 23:59:59.999,0.5,0.5
2018-08-14 07:59:59.999,0.5,0.5
2018-08-14 19:59:59.999,0.5,0.5
2018-08-15 07:59:59.999,0.5,0.5
2018-08-15 15:59:59.999,0.5,0.5
2018-08-15 23:59:59.999,0.5,0.5
2018-08-16 07:59:59.999,0.5,0.5
2018-08-16 19:59:59.999,0.5,0.5
2018-08-17 03:59:59.999,0.5,0.5
2018-08-17 15:59:59.999,0.5,0.5
2018-08-17 23:59:59.999,0.5,0.5
2018-08-18 07:59:59.999,0.5,0.5
2018-08-18 19:59:59.999,0.5,0.5
2018-08-19 03:59:59.999,0.5,0.5
2018-08-19 23:59:59.999,0.5,0.5
2018-08-20 15:59:59.999,0.5,0.5
2018-08-21 03:59:59.999,0.5,0.5
2018-08-22 07:59:59.999,0.5,0.5
2018-08-22 19:59:59.999,0.5,0.5
2018-08-23 03:59:59.999,0.5,0.5
2018-08-23 23:59:59.999,0.5,0.5
2018-08-25 03:59:59.999,0.5,0.5
2018-08-26 07:59:59.999,0.5,0.5
2018-08-26 23:59:59.999,0.5,0.5
2018-08-27 19:59:59.999,0.5,0.5
2018-08-28 11:59:59.999,0.5,0.5
2018-08-29 03:59:59.999,0.5,0.5
2018-08-29 19:59:59.999,0.5,0.5
2018-08-30 07:59:59.999,0.5,0.5
2018-08-30 15:59:59.999,0.5,0.5
2018-08-31 23:59:59.999,0.5,0.5
2018-09-01 19:59:59.999,0.5,0.5
2018-09-02 07:59:59.999,0.5,0.5
2018-09-02 15:59:59.999,0.5,0.5
2018-09-03 11:59:59.999,0.5,0.5
2018-09-04 03:59:59.999,0.5,0.5
2018-09-05 15:59:59.999,0.5,0.5
2018-09-05 23:59:59.999,0.5,0.5
2018-09-06 07:59:59.999,0.5,0.5
2018-09-06 15:59:59.999,0.5,0.5
2018-09-07 15:59:59.999,0.5,0.5
2018-09-08 19:59:59.999,0.5,0.5
2018-09-09 15:59:59.999,0.5,0.5
2018-09-10 03:59:59.999,0.5,0.5
2018-09-11 11:59:59.999,0.5,0.5
2018-09-11 19:59:59.999,0.5,0.5
2018-09-13 15:59:59.999,0.5,0.5
2018-09-14 15:59:59.999,0.5,0.5
2018-09-15 03:59:59.999,0.5,0.5
2018-09-16 03:59:59.999,0.5,0.5
2018-09-16 11:59:59.999,0.5,0.5
2018-09-17 19:59:59.999,0.5,0.5
2018-09-19 15:59:59.999,0.5,0.5
2018-09-19 23:59:59.999,0.5,0.5
2018-09-21 11:59:59.999,0.5,0.5
2018-09-22 07:59:59.999,0.5,0.5
2018-09-23 19:59:59.999,0.5,0.5
2018-09-24 15:59:59.999,0.5,0.5
2018-09-25 07:59:59.999,0.5,0.5
2018-09-25 19:59:59.999,0.5,0.5
2018-09-26 19:59:59.999,0.5,0.5
2018-09-28 03:59:59.999,0.5,0.5
2018-09-28 15:59:59.999,0.5,0.5
2018-09-28 23:59:59.999,0.5,0.5
2018-09-29 07:59:59.999,0.5,0.5
2018-09-29 19:59:59.999,0.5,0.5
2018-09-30 19:59:59.999,0.5,0.5
2018-10-02 23:59:59.999,0.5,0.5
2018-10-07 15:59:59.999,0.5,0.5
2018-10-10 11:59:59.999,0.5,0.5
2018-10-11 07:59:59.999,0.5,0.5
2018-10-12 03:59:59.999,0.5,0.5
2018-10-15 03:59:59.999,0.5,0.5
2018-10-15 11:59:59.999,0.5,0.5
2018-10-15 19:59:59.999,0.5,0.5
2018-10-16 15:59:59.999,0.5,0.5
2018-10-17 15:59:59.999,0.5,0.5
2018-10-18 23:59:59.999,0.5,0.5
2018-10-20 07:59:59.999,0.5,0.5
2018-10-22 07:59:59.999,0.5,0.5
2018-10-23 15:59:59.999,0.5,0.5
2018-10-25 03:59:59.999,0.5,0.5
2018-10-29 15:59:59.999,0.5,0.5
2018-10-31 19:59:59.999,0.5,0.5
2018-11-03 15:59:59.999,0.5,0.5
2018-11-07 07:59:59.999,0.5,0.5
2018-11-08 23:59:59.999,0.5,0.5
2018-11-11 19:59:59.999,0.5,0.5
2018-11-13 03:59:59.999,0.5,0.5
2018-11-14 15:59:59.999,0.5,0.5
2018-11-14 23:59:59.999,0.5,0.5
2018-11-15 07:59:59.999,0.5,0.5
2018-11-15 15:59:59.999,0.5,0.5
2018-11-15 23:59:59.999,0.5,0.5
2018-11-16 11:59:59.999,0.5,0.5
2018-11-17 03:59:59.999,0.5,0.5
2018-11-17 15:59:59.999,0.5,0.5
2018-11-17 23:59:59.999,0.5,0.5
2018-11-18 15:59:59.999,0.5,0.5
2018-11-19 03:59:59.999,0.5,0.5
2018-11-19 11:59:59.999,0.5,0.5
2018-11-19 19:59:59.999,0.5,0.5
2018-11-20 03:59:59.999,0.5,0.5
2018-11-20 11:59:59.999,0.5,0.5
2018-11-20 19:59:59.999,0.5,0.5
2018-11-21 03:59:59.999,0.5,0.5
2018-11-21 11:59:59.999,0.5,0.5
2018-11-21 19:59:59.999,0.5,0.5
2018-11-22 03:59:59.999,0.5,0.5
2018-11-22 15:59:59.999,0.5,0.5
2018-11-22 23:59:59.999,0.5,0.5
2018-11-23 07:59:59.999,0.5,0.5
2018-11-23 15:59:59.999,0.5,0.5
2018-11-23 23:59:59.999,0.5,0.5
2018-11-24 11:59:59.999,0.5,0.5
2018-11-24 23:59:59.999,0.5,0.5
2018-11-25 07:59:59.999,0.5,0.5
2018-11-25 15:59:59.999,0.5,0.5
2018-11-25 23:59:59.999,0.5,0.5
2018-11-26 07:59:59.999,0.5,0.5
2018-11-26 15:59:59.999,0.5,0.5
2018-11-26 23:59:59.999,0.5,0.5
2018-11-27 07:59:59.999,0.5,0.5
2018-11-27 15:59:59.999,0.5,0.5
2018-11-28 03:59:59.999,0.5,0.5
2018-11-28 11:59:59.999,0.5,0.5
2018-11-28 19:59:59.999,0.5,0.5
2018-11-29 03:59:59.999,0.5,0.5
2018-11-29 11:59:59.999,0.5,0.5
2018-11-29 19:59:59.999,0.5,0.5
2018-11-30 03:59:59.999,0.5,0.5
2018-11-30 11:59:59.999,0.5,0.5
2018-11-30 19:59:59.999,0.5,0.5
2018-12-01 03:59:59.999,0.5,0.5
2018-12-01 11:59:59.999,0.5,0.5
2018-12-01 19:59:59.999,0.5,0.5
2018-12-02 03:59:59.999,0.5,0.5
2018-12-02 11:59:59.999,0.5,0.5
2018-12-02 19:59:59.999,0.5,0.5
2018-12-03 03:59:59.999,0.5,0.5
2018-12-03 19:59:59.999,0.5,0.5
2018-12-04 07:59:59.999,0.5,0.5
2018-12-04 19:59:59.999,0.5,0.5
2018-12-05 03:59:59.999,0.5,0.5
2018-12-05 19:59:59.999,0.5,0.5
2018-12-06 03:59:59.999,0.5,0.5
2018-12-06 11:59:59.999,0.5,0.5
2018-12-06 19:59:59.999,0.5,0.5
2018-12-07 03:59:59.999,0.5,0.5
2018-12-07 15:59:59.999,0.5,0.5
2018-12-07 23:59:59.999,0.5,0.5
2018-12-08 07:59:59.999,0.5,0.5
2018-12-08 15:59:59.999,0.5,0.5
2018-12-08 23:59:59.999,0.5,0.5
2018-12-09 07:59:59.999,0.5,0.5
2018-12-09 19:59:59.999,0.5,0.5
2018-12-10 03:59:59.999,0.5,0.5
2018-12-10 11:59:59.999,0.5,0.5
2018-12-10 19:59:59.999,0.5,0.5
2018-12-11 03:59:59.999,0.5,0.5
2018-12-11 11:59:59.999,0.5,0.5
2018-12-11 23:59:59.999,0.5,0.5
2018-12-12 23:59:59.999,0.5,0.5
2018-12-13 07:59:59.999,0.5,0.5
2018-12-13 23:59:59.999,0.5,0.5
2018-12-14 07:59:59.999,0.5,0.5
2018-12-14 19:59:59.999,0.5,0.5
2018-12-15 03:59:59.999,0.5,0.5
2018-12-15 15:59:59.999,0.5,0.5
2018-12-16 07:59:59.999,0.5,0.5
2018-12-16 19:59:59.999,0.5,0.5
2018-12-17 15:59:59.999,0.5,0.5
2018-12-17 23:59:59.999,0.5,0.5
2018-12-18 07:59:59.999,0.5,0.5
2018-12-18 15:59:59.999,0.5,0.5
2018-12-19 03:59:59.999,0.5,0.5
2018-12-19 11:59:59.999,0.5,0.5
2018-12-19 19:59:59.999,0.5,0.5
2018-12-20 03:59:59.999,0.5,0.5
2018-12-20 11:59:59.999,0.5,0.5
2018-12-20 19:59:59.999,0.5,0.5
2018-12-21 03:59:59.999,0.5,0.5
2018-12-21 11:59:59.999,0.5,0.5
2018-12-21 19:59:59.999,0.5,0.5
2018-12-22 03:59:59.999,0.5,0.5
2018-12-22 15:59:59.999,0.5,0.5
2018-12-22 23:59:59.999,0.5,0.5
2018-12-23 07:59:59.999,0.5,0.5
2018-12-23 19:59:59.999,0.5,0.5
2018-12-24 07:59:59.999,0.5,0.5
2018-12-24 15:59:59.999,0.5,0.5
2018-12-24 23:59:59.999,0.5,0.5
2018-12-25 07:59:59.999,0.5,0.5
2018-12-25 15:59:59.999,0.5,0.5
2018-12-25 23:59:59.999,0.5,0.5
2018-12-26 11:59:59.999,0.5,0.5
2018-12-26 19:59:59.999,0.5,0.5
2018-12-27 07:59:59.999,0.5,0.5
2018-12-27 23:59:59.999,0.5,0.5
2018-12-28 19:59:59.999,0.5,0.5
2018-12-29 03:59:59.999,0.5,0.5
2018-12-29 15:59:59.999,0.5,0.5
2018-12-29 23:59:59.999,0.5,0.5
2018-12-30 15:59:59.999,0.5,0.5
2018-12-30 23:59:59.999,0.5,0.5
2018-12-31 07:59:59.999,0.5,0.5
2018-12-31 15:59:59.999,0.5,0.5
2018-12-31 23:59:59.999,0.5,0.5
2019-01-01 19:59:59.999,0.5,0.5
2019-01-02 03:59:59.999,0.5,0.5
2019-01-03 23:59:59.999,0.5,0.5
2019-01-04 19:59:59.999,0.5,0.5
2019-01-06 23:59:59.999,0.5,0.5
2019-01-07 15:59:59.999,0.5,0.5
2019-01-08 23:59:59.999,0.5,0.5
2019-01-09 19:59:59.999,0.5,0.5
2019-01-10 11:59:59.999,0.5,0.5
2019-01-10 23:59:59.999,0.5,0.5
2019-01-11 15:59:59.999,0.5,0.5
2019-01-12 03:59:59.999,0.5,0.5
2019-01-12 19:59:59.999,0.5,0.5
2019-01-13 23:59:59.999,0.5,0.5
2019-01-14 19:59:59.999,0.5,0.5
2019-01-15 15:59:59.999,0.5,0.5
2019-01-16 03:59:59.999,0.5,0.5
2019-01-16 23:59:59.999,0.5,0.5
2019-01-17 15:59:59.999,0.5,0.5
2019-01-18 03:59:59.999,0.5,0.5
2019-01-19 15:59:59.999,0.5,0.5
2019-01-20 15:59:59.999,0.5,0.5
2019-01-22 11:59:59.999,0.5,0.5
2019-01-23 23:59:59.999,0.5,0.5
2019-01-25 11:59:59.999,0.5,0.5
2019-01-26 11:59:59.999,0.5,0.5
2019-01-27 15:59:59.999,0.5,0.5
2019-01-28 07:59:59.999,0.5,0.5
2019-01-28 19:59:59.999,0.5,0.5
2019-01-29 11:59:59.999,0.5,0.5
2019-01-31 07:59:59.999,0.5,0.5
2019-01-31 15:59:59.999,0.5,0.5
2019-02-03 23:59:59.999,0.5,0.5
2019-02-06 07:59:59.999,0.5,0.5
2019-02-08 07:59:59.999,0.5,0.5
2019-02-08 19:59:59.999,0.5,0.5
2019-02-09 03:59:59.999,0.5,0.5
2019-02-11 07:59:59.999,0.5,0.5
2019-02-14 15:59:59.999,0.5,0.5
2019-02-15 19:59:59.999,0.5,0.5
2019-02-18 07:59:59.999,0.5,0.5
2019-02-18 19:59:59.999,0.5,0.5
2019-02-19 07:59:59.999,0.5,0.5
2019-02-20 03:59:59.999,0.5,0.5
2019-02-21 15:59:59.999,0.5,0.5
2019-02-23 23:59:59.999,0.5,0.5
2019-02-24 19:59:59.999,0.5,0.5
2019-02-25 19:59:59.999,0.5,0.5
2019-02-26 11:59:59.999,0.5,0.5
2019-02-28 03:59:59.999,0.5,0.5
2019-02-28 23:59:59.999,0.5,0.5
2019-03-02 11:59:59.999,0.5,0.5
2019-03-04 11:59:59.999,0.5,0.5
2019-03-05 19:59:59.999,0.5,0.5
2019-03-06 15:59:59.999,0.5,0.5
2019-03-07 11:59:59.999,0.5,0.5
2019-03-09 03:59:59.999,0.5,0.5
2019-03-11 11:59:59.999,0.5,0.5
2019-03-14 19:59:59.999,0.5,0.5
2019-03-16 07:59:59.999,0.5,0.5
2019-03-21 19:59:59.999,0.5,0.5
2019-03-25 23:59:59.999,0.5,0.5
2019-03-29 11:59:59.999,0.5,0.5
2019-03-30 11:59:59.999,0.5,0.5
2019-04-02 11:59:59.999,0.5,0.5
2019-04-02 19:59:59.999,0.5,0.5
2019-04-03 03:59:59.999,0.5,0.5
2019-04-03 11:59:59.999,0.5,0.5
2019-04-03 19:59:59.999,0.5,0.5
2019-04-04 03:59:59.999,0.5,0.5
2019-04-04 15:59:59.999,0.5,0.5
2019-04-04 23:59:59.999,0.5,0.5
2019-04-05 07:59:59.999,0.5,0.5
2019-04-05 19:59:59.999,0.5,0.5
2019-04-06 23:59:59.999,0.5,0.5
2019-04-08 03:59:59.999,0.5,0.5
2019-04-08 11:59:59.999,0.5,0.5
2019-04-08 19:59:59.999,0.5,0.5
2019-04-09 07:59:59.999,0.5,0.5
2019-04-10 23:59:59.999,0.5,0.5
2019-04-11 07:59:59.999,0.5,0.5
2019-04-11 15:59:59.999,0.5,0.5
2019-04-12 03:59:59.999,0.5,0.5
2019-04-15 03:59:59.999,0.5,0.5
2019-04-15 23:59:59.999,0.5,0.5
2019-04-16 19:59:59.999,0.5,0.5
2019-04-17 07:59:59.999,0.5,0.5
2019-04-19 07:59:59.999,0.5,0.5
2019-04-20 03:59:59.999,0.5,0.5
2019-04-20 15:59:59.999,0.5,0.5
2019-04-21 15:59:59.999,0.5,0.5
2019-04-22 23:59:59.999,0.5,0.5
2019-04-23 11:59:59.999,0.5,0.5
2019-04-24 03:59:59.999,0.5,0.5
2019-04-24 11:59:59.999,0.5,0.5
2019-04-24 23:59:59.999,0.5,0.5
2019-04-26 03:59:59.999,0.5,0.5
2019-04-26 23:59:59.999,0.5,0.5
2019-04-29 19:59:59.999,0.5,0.5
2019-05-01 23:59:59.999,0.5,0.5
2019-05-03 07:59:59.999,0.5,0.5
2019-05-03 15:59:59.999,0.5,0.5
2019-05-04 11:59:59.999,0.5,0.5
2019-05-04 19:59:59.999,0.5,0.5
2019-05-05 03:59:59.999,0.5,0.5
2019-05-05 15:59:59.999,0.5,0.5
2019-05-06 07:59:59.999,0.5,0.5
2019-05-07 07:59:59.999,0.5,0.5
2019-05-07 19:59:59.999,0.5,0.5
2019-05-08 03:59:59.999,0.5,0.5
2019-05-09 07:59:59.999,0.5,0.5
2019-05-10 07:59:59.999,0.5,0.5
2019-05-10 15:59:59.999,0.5,0.5
2019-05-11 03:59:59.999,0.5,0.5
2019-05-11 11:59:59.999,0.5,0.5
2019-05-11 23:59:59.999,0.5,0.5
2019-05-12 07:59:59.999,0.5,0.5
2019-05-12 15:59:59.999,0.5,0.5
2019-05-12 23:59:59.999,0.5,0.5
2019-05-13 15:59:59.999,0.5,0.5
2019-05-13 23:59:59.999,0.5,0.5
2019-05-14 07:59:59.999,0.5,0.5
2019-05-14 15:59:59.999,0.5,0.5
2019-05-14 23:59:59.999,0.5,0.5
2019-05-15 15:59:59.999,0.5,0.5
2019-05-15 23:59:59.999,0.5,0.5
2019-05-16 11:59:59.999,0.5,0.5
2019-05-16 19:59:59.999,0.5,0.5
2019-05-17 03:59:59.999,0.5,0.5
2019-05-17 11:59:59.999,0.5,0.5
2019-05-17 19:59:59.999,0.5,0.5
2019-05-18 03:59:59.999,0.5,0.5
2019-05-18 11:59:59.999,0.5,0.5
2019-05-18 23:59:59.999,0.5,0.5
2019-05-19 07:59:59.999,0.5,0.5
2019-05-19 19:59:59.999,0.5,0.5
2019-05-20 03:59:59.999,0.5,0.5
2019-05-20 11:59:59.999,0.5,0.5
2019-05-20 19:59:59.999,0.5,0.5
2019-05-21 03:59:59.999,0.5,0.5
2019-05-21 15:59:59.999,0.5,0.5
2019-05-22 03:59:59.999,0.5,0.5
2019-05-22 15:59:59.999,0.5,0.5
2019-05-23 03:59:59.999,0.5,0.5
2019-05-23 15:59:59.999,0.5,0.5
2019-05-23 23:59:59.999,0.5,0.5
2019-05-24 19:59:59.999,0.5,0.5
2019-05-25 03:59:59.999,0.5,0.5
2019-05-25 19:59:59.999,0.5,0.5
2019-05-26 07:59:59.999,0.5,0.5
2019-05-26 15:59:59.999,0.5,0.5
2019-05-26 23:59:59.999,0.5,0.5
2019-05-27 07:59:59.999,0.5,0.5
2019-05-27 23:59:59.999,0.5,0.5
2019-05-28 19:59:59.999,0.5,0.5
2019-05-29 11:59:59.999,0.5,0.5
2019-05-30 03:59:59.999,0.5,0.5
2019-05-30 19:59:59.999,0.5,0.5
2019-05-31 03:59:59.999,0.5,0.5
2019-05-31 11:59:59.999,0.5,0.5
2019-06-01 03:59:59.999,0.5,0.5
2019-06-02 19:59:59.999,0.5,0.5
2019-06-03 07:59:59.999,0.5,0.5
2019-06-03 19:59:59.999,0.5,0.5
2019-06-04 03:59:59.999,0.5,0.5
2019-06-04 11:59:59.999,0.5,0.5
2019-06-04 19:59:59.999,0.5,0.5
2019-06-05 03:59:59.999,0.5,0.5
2019-06-05 11:59:59.999,0.5,0.5
2019-06-05 19:59:59.999,0.5,0.5
2019-06-06 03:59:59.999,0.5,0.5
2019-06-06 19:59:59.999,0.5,0.5
2019-06-07 07:59:59.999,0.5,0.5
2019-06-07 23:59:59.999,0.5,0.5
2019-06-08 11:59:59.999,0.5,0.5
2019-06-08 19:59:59.999,0.5,0.5
2019-06-09 19:59:59.999,0.5,0.5
2019-06-10 03:59:59.999,0.5,0.5
2019-06-10 15:59:59.999,0.5,0.5
2019-06-11 07:59:59.999,0.5,0.5
2019-06-11 15:59:59.999,0.5,0.5
2019-06-12 07:59:59.999,0.5,0.5
2019-06-12 19:59:59.999,0.5,0.5
2019-06-14 19:59:59.999,0.5,0.5
2019-06-15 03:59:59.999,0.5,0.5
2019-06-15 11:59:59.999,0.5,0.5
2019-06-16 07:59:59.999,0.5,0.5
2019-06-16 15:59:59.999,0.5,0.5
2019-06-16 23:59:59.999,0.5,0.5
2019-06-17 15:59:59.999,0.5,0.5
2019-06-18 03:59:59.999,0.5,0.5
2019-06-18 11:59:59.999,0.5,0.5
2019-06-18 19:59:59.999,0.5,0.5
2019-06-19 19:59:59.999,0.5,0.5
2019-06-20 03:59:59.999,0.5,0.5
2019-06-20 15:59:59.999,0.5,0.5
2019-06-21 07:59:59.999,0.5,0.5
2019-06-21 19:59:59.999,0.5,0.5
2019-06-22 07:59:59.999,0.5,0.5
2019-06-22 19:59:59.999,0.5,0.5
2019-06-23 03:59:59.999,0.5,0.5
2019-06-23 15:59:59.999,0.5,0.5
2019-06-24 03:59:59.999,0.5,0.5
2019-06-24 23:59:59.999,0.5,0.5
2019-06-25 11:59:59.999,0.5,0.5
2019-06-25 19:59:59.999,0.5,0.5
2019-06-26 03:59:59.999,0.5,0.5
2019-06-26 11:59:59.999,0.5,0.5
2019-06-26 23:59:59.999,0.5,0.5
2019-06-27 07:59:59.999,0.5,0.5
2019-06-27 15:59:59.999,0.5,0.5
2019-06-27 23:59:59.999,0.5,0.5
2019-06-28 07:59:59.999,0.5,0.5
2019-06-28 15:59:59.999,0.5,0.5
2019-06-28 23:59:59.999,0.5,0.5
2019-06-29 07:59:59.999,0.5,0.5
2019-06-29 15:59:59.999,0.5,0.5
2019-06-29 23:59:59.999,0.5,0.5
2019-06-30 11:59:59.999,0.5,0.5
2019-06-30 19:59:59.999,0.5,0.5
2019-07-01 03:59:59.999,0.5,0.5
2019-07-01 11:59:59.999,0.5,0.5
2019-07-01 19:59:59.999,0.5,0.5
2019-07-02 03:59:59.999,0.5,0.5
2019-07-02 11:59:59.999,0.5,0.5
2019-07-02 19:59:59.999,0.5,0.5
2019-07-03 03:59:59.999,0.5,0.5
2019-07-03 11:59:59.999,0.5,0.5
2019-07-03 19:59:59.999,0.5,0.5
2019-07-04 03:59:59.999,0.5,0.5
2019-07-04 11:59:59.999,0.5,0.5
2019-07-04 23:59:59.999,0.5,0.5
2019-07-05 07:59:59.999,0.5,0.5
2019-07-05 15:59:59.999,0.5,0.5
2019-07-05 23:59:59.999,0.5,0.5
2019-07-06 07:59:59.999,0.5,0.5
2019-07-07 03:59:59.999,0.5,0.5
2019-07-07 15:59:59.999,0.5,0.5
2019-07-08 07:59:59.999,0.5,0.5
2019-07-08 15:59:59.999,0.5,0.5
2019-07-08 23:59:59.999,0.5,0.5
2019-07-09 07:59:59.999,0.5,0.5
2019-07-09 15:59:59.999,0.5,0.5
2019-07-09 23:59:59.999,0.5,0.5
2019-07-10 07:59:59.999,0.5,0.5
2019-07-10 19:59:59.999,0.5,0.5
2019-07-11 03:59:59.999,0.5,0.5
2019-07-11 11:59:59.999,0.5,0.5
2019-07-11 19:59:59.999,0.5,0.5
2019-07-12 03:59:59.999,0.5,0.5
2019-07-12 11:59:59.999,0.5,0.5
2019-07-12 19:59:59.999,0.5,0.5
2019-07-13 07:59:59.999,0.5,0.5
2019-07-13 15:59:59.999,0.5,0.5
2019-07-13 23:59:59.999,0.5,0.5
2019-07-14 11:59:59.999,0.5,0.5
2019-07-14 19:59:59.999,0.5,0.5
2019-07-15 03:59:59.999,0.5,0.5
2019-07-15 11:59:59.999,0.5,0.5
2019-07-15 19:59:59.999,0.5,0.5
2019-07-16 03:59:59.999,0.5,0.5
2019-07-16 11:59:59.999,0.5,0.5
2019-07-16 19:59:59.999,0.5,0.5
2019-07-17 03:59:59.999,0.5,0.5
2019-07-17 15:59:59.999,0.5,0.5
2019-07-17 23:59:59.999,0.5,0.5
2019-07-18 07:59:59.999,0.5,0.5
2019-07-18 19:59:59.999,0.5,0.5
2019-07-19 03:59:59.999,0.5,0.5
2019-07-19 11:59:59.999,0.5,0.5
2019-07-19 19:59:59.999,0.5,0.5
2019-07-20 07:59:59.999,0.5,0.5
2019-07-20 19:59:59.999,0.5,0.5
2019-07-21 03:59:59.999,0.5,0.5
2019-07-21 15:59:59.999,0.5,0.5
2019-07-22 15:59:59.999,0.5,0.5
2019-07-22 23:59:59.999,0.5,0.5
2019-07-23 11:59:59.999,0.5,0.5
2019-07-23 19:59:59.999,0.5,0.5
2019-07-24 03:59:59.999,0.5,0.5
2019-07-24 15:59:59.999,0.5,0.5
2019-07-24 23:59:59.999,0.5,0.5
2019-07-25 07:59:59.999,0.5,0.5
2019-07-25 19:59:59.999,0.5,0.5
2019-07-26 07:59:59.999,0.5,0.5
2019-07-26 23:59:59.999,0.5,0.5
2019-07-27 07:59:59.999,0.5,0.5
2019-07-27 15:59:59.999,0.5,0.5
2019-07-28 03:59:59.999,0.5,0.5
2019-07-28 11:59:59.999,0.5,0.5
2019-07-29 03:59:59.999,0.5,0.5
2019-07-29 15:59:59.999,0.5,0.5
2019-07-29 23:59:59.999,0.5,0.5
2019-07-30 23:59:59.999,0.5,0.5
2019-07-31 19:59:59.999,0.5,0.5
2019-08-01 07:59:59.999,0.5,0.5
2019-08-01 19:59:59.999,0.5,0.5
2019-08-02 07:59:59.999,0.5,0.5
2019-08-02 23:59:59.999,0.5,0.5
2019-08-03 11:59:59.999,0.5,0.5
2019-08-04 07:59:59.999,0.5,0.5
2019-08-04 23:59:59.999,0.5,0.5
2019-08-05 07:59:59.999,0.5,0.5
2019-08-05 19:59:59.999,0.5,0.5
2019-08-06 07:59:59.999,0.5,0.5
2019-08-06 15:59:59.999,0.5,0.5
2019-08-06 23:59:59.999,0.5,0.5
2019-08-07 15:59:59.999,0.5,0.5
2019-08-07 23:59:59.999,0.5,0.5
2019-08-08 11:59:59.999,0.5,0.5
2019-08-08 19:59:59.999,0.5,0.5
2019-08-09 03:59:59.999,0.5,0.5
2019-08-10 15:59:59.999,0.5,0.5
2019-08-11 15:59:59.999,0.5,0.5
2019-08-12 11:59:59.999,0.5,0.5
2019-08-13 11:59:59.999,0.5,0.5
2019-08-13 19:59:59.999,0.5,0.5
2019-08-14 07:59:59.999,0.5,0.5
2019-08-14 15:59:59.999,0.5,0.5
2019-08-14 23:59:59.999,0.5,0.5
2019-08-15 11:59:59.999,0.5,0.5
2019-08-15 19:59:59.999,0.5,0.5
2019-08-16 03:59:59.999,0.5,0.5
2019-08-16 11:59:59.999,0.5,0.5
2019-08-16 19:59:59.999,0.5,0.5
2019-08-17 03:59:59.999,0.5,0.5
2019-08-17 19:59:59.999,0.5,0.5
2019-08-18 07:59:59.999,0.5,0.5
2019-08-18 19:59:59.999,0.5,0.5
2019-08-19 11:59:59.999,0.5,0.5
2019-08-19 23:59:59.999,0.5,0.5
2019-08-20 11:59:59.999,0.5,0.5
2019-08-21 07:59:59.999,0.5,0.5
2019-08-21 15:59:59.999,0.5,0.5
2019-08-22 03:59:59.999,0.5,0.5
2019-08-22 19:59:59.999,0.5,0.5
2019-08-24 15:59:59.999,0.5,0.5
2019-08-25 03:59:59.999,0.5,0.5
2019-08-25 19:59:59.999,0.5,0.5
2019-08-26 03:59:59.999,0.5,0.5
2019-08-26 23:59:59.999,0.5,0.5
2019-08-27 07:59:59.999,0.5,0.5
2019-08-28 19:59:59.999,0.5,0.5
2019-08-29 07:59:59.999,0.5,0.5
2019-08-29 19:59:59.999,0.5,0.5
2019-08-30 07:59:59.999,0.5,0.5
2019-08-30 23:59:59.999,0.5,0.5
2019-09-01 03:59:59.999,0.5,0.5
2019-09-02 19:59:59.999,0.5,0.5
2019-09-03 07:59:59.999,0.5,0.5
2019-09-03 19:59:59.999,0.5,0.5
2019-09-04 03:59:59.999,0.5,0.5
2019-09-04 19:59:59.999,0.5,0.5
2019-09-05 03:59:59.999,0.5,0.5
2019-09-05 23:59:59.999,0.5,0.5
2019-09-06 19:59:59.999,0.5,0.5
2019-09-07 03:59:59.999,0.5,0.5
2019-09-08 15:59:59.999,0.5,0.5
2019-09-09 11:59:59.999,0.5,0.5
2019-09-09 23:59:59.999,0.5,0.5
2019-09-10 23:59:59.999,0.5,0.5
2019-09-11 07:59:59.999,0.5,0.5
2019-09-12 11:59:59.999,0.5,0.5
2019-09-14 03:59:59.999,0.5,0.5
2019-09-15 11:59:59.999,0.5,0.5
2019-09-16 19:59:59.999,0.5,0.5
2019-09-18 19:59:59.999,0.5,0.5
2019-09-19 07:59:59.999,0.5,0.5
2019-09-20 03:59:59.999,0.5,0.5
2019-09-21 11:59:59.999,0.5,0.5
2019-09-22 07:59:59.999,0.5,0.5
2019-09-23 11:59:59.999,0.5,0.5
2019-09-23 19:59:59.999,0.5,0.5
2019-09-24 03:59:59.999,0.5,0.5
2019-09-24 19:59:59.999,0.5,0.5
2019-09-25 03:59:59.999,0.5,0.5
2019-09-25 11:59:59.999,0.5,0.5
2019-09-25 19:59:59.999,0.5,0.5
2019-09-26 03:59:59.999,0.5,0.5
2019-09-26 19:59:59.999,0.5,0.5
2019-09-27 03:59:59.999,0.5,0.5
2019-09-27 15:59:59.999,0.5,0.5
2019-09-27 23:59:59.999,0.5,0.5
2019-09-28 19:59:59.999,0.5,0.5
2019-09-29 03:59:59.999,0.5,0.5
2019-09-29 19:59:59.999,0.5,0.5
2019-09-30 11:59:59.999,0.5,0.5
2019-09-30 19:59:59.999,0.5,0.5
2019-10-01 23:59:59.999,0.5,0.5
2019-10-02 11:59:59.999,0.5,0.5
2019-10-03 11:59:59.999,0.5,0.5
2019-10-03 19:59:59.999,0.5,0.5
2019-10-04 07:59:59.999,0.5,0.5
2019-10-05 19:59:59.999,0.5,0.5
2019-10-06 07:59:59.999,0.5,0.5
2019-10-06 23:59:59.999,0.5,0.5
2019-10-07 19:59:59.999,0.5,0.5
2019-10-08 11:59:59.999,0.5,0.5
2019-10-09 19:59:59.999,0.5,0.5
2019-10-10 19:59:59.999,0.5,0.5
2019-10-11 11:59:59.999,0.5,0.5
2019-10-12 23:59:59.999,0.5,0.5
2019-10-14 03:59:59.999,0.5,0.5
2019-10-15 03:59:59.999,0.5,0.5
2019-10-15 23:59:59.999,0.5,0.5
2019-10-16 15:59:59.999,0.5,0.5
2019-10-18 11:59:59.999,0.5,0.5
2019-10-20 03:59:59.999,0.5,0.5
2019-10-20 23:59:59.999,0.5,0.5
2019-10-21 19:59:59.999,0.5,0.5
2019-10-22 19:59:59.999,0.5,0.5
2019-10-23 03:59:59.999,0.5,0.5
2019-10-23 19:59:59.999,0.5,0.5
2019-10-24 11:59:59.999,0.5,0.5
2019-10-24 19:59:59.999,0.5,0.5
2019-10-25 19:59:59.999,0.5,0.5
2019-10-26 07:59:59.999,0.5,0.5
2019-10-26 15:59:59.999,0.5,0.5
2019-10-26 23:59:59.999,0.5,0.5
2019-10-27 07:59:59.999,0.5,0.5
2019-10-27 15:59:59.999,0.5,0.5
2019-10-27 23:59:59.999,0.5,0.5
2019-10-28 07:59:59.999,0.5,0.5
2019-10-28 15:59:59.999,0.5,0.5
2019-10-28 23:59:59.999,0.5,0.5
2019-10-29 11:59:59.999,0.5,0.5
2019-10-29 19:59:59.999,0.5,0.5
2019-10-30 11:59:59.999,0.5,0.5
2019-10-31 07:59:59.999,0.5,0.5
2019-10-31 15:59:59.999,0.5,0.5
2019-11-01 03:59:59.999,0.5,0.5
2019-11-01 19:59:59.999,0.5,0.5
2019-11-03 15:59:59.999,0.5,0.5
2019-11-05 03:59:59.999,0.5,0.5
2019-11-05 11:59:59.999,0.5,0.5
2019-11-05 23:59:59.999,0.5,0.5
2019-11-06 19:59:59.999,0.5,0.5
2019-11-07 15:59:59.999,0.5,0.5
2019-11-08 15:59:59.999,0.5,0.5
2019-11-10 23:59:59.999,0.5,0.5
2019-11-11 11:59:59.999,0.5,0.5
2019-11-12 19:59:59.999,0.5,0.5
2019-11-14 15:59:59.999,0.5,0.5
2019-11-15 15:59:59.999,0.5,0.5
2019-11-17 15:59:59.999,0.5,0.5
2019-11-18 03:59:59.999,0.5,0.5
2019-11-18 23:59:59.999,0.5,0.5
2019-11-19 15:59:59.999,0.5,0.5
2019-11-20 23:59:59.999,0.5,0.5
2019-11-21 15:59:59.999,0.5,0.5
2019-11-22 11:59:59.999,0.5,0.5
2019-11-22 19:59:59.999,0.5,0.5
2019-11-23 03:59:59.999,0.5,0.5
2019-11-23 11:59:59.999,0.5,0.5
2019-11-24 11:59:59.999,0.5,0.5
2019-11-24 19:59:59.999,0.5,0.5
2019-11-25 01:59:59.999,0.5,0.5
2019-11-25 11:59:59.999,0.5,0.5
2019-11-25 19:59:59.999,0.5,0.5
2019-11-26 07:59:59.999,0.5,0.5
2019-11-26 15:59:59.999,0.5,0.5
2019-11-27 07:59:59.999,0.5,0.5
2019-11-27 15:59:59.999,0.5,0.5
2019-11-27 23:59:59.999,0.5,0.5
2019-11-29 03:59:59.999,0.5,0.5
2019-11-29 19:59:59.999,0.5,0.5
2019-11-30 15:59:59.999,0.5,0.5
2019-12-01 07:59:59.999,0.5,0.5
2019-12-01 19:59:59.999,0.5,0.5
2019-12-02 07:59:59.999,0.5,0.5
2019-12-02 19:59:59.999,0.5,0.5
2019-12-03 11:59:59.999,0.5,0.5
2019-12-04 07:59:59.999,0.5,0.5
2019-12-04 19:59:59.999,0.5,0.5
2019-12-05 03:59:59.999,0.5,0.5
2019-12-05 11:59:59.999,0.5,0.5
2019-12-05 19:59:59.999,0.5,0.5
2019-12-07 11:59:59.999,0.5,0.5
2019-12-08 07:59:59.999,0.5,0.5
2019-12-09 19:59:59.999,0.5,0.5
2019-12-10 19:59:59.999,0.5,0.5
2019-12-12 07:59:59.999,0.5,0.5
2019-12-14 15:59:59.999,0.5,0.5
2019-12-15 11:59:59.999,0.5,0.5
2019-12-16 23:59:59.999,0.5,0.5
2019-12-17 19:59:59.999,0.5,0.5
2019-12-18 03:59:59.999,0.5,0.5
2019-12-18 19:59:59.999,0.5,0.5
2019-12-19 03:59:59.999,0.5,0.5
2019-12-19 15:59:59.999,0.5,0.5
2019-12-20 19:59:59.999,0.5,0.5
2019-12-22 23:59:59.999,0.5,0.5
2019-12-23 11:59:59.999,0.5,0.5
2019-12-23 23:59:59.999,0.5,0.5
2019-12-24 19:59:59.999,0.5,0.5
2019-12-25 23:59:59.999,0.5,0.5
2019-12-26 23:59:59.999,0.5,0.5
2019-12-27 15:59:59.999,0.5,0.5
2019-12-29 23:59:59.999,0.5,0.5
2019-12-30 19:59:59.999,0.5,0.5
2019-12-31 19:59:59.999,0.5,0.5
2020-01-02 07:59:59.999,0.5,0.5
2020-01-02 23:59:59.999,0.5,0.5
2020-01-03 11:59:59.999,0.5,0.5
2020-01-03 19:59:59.999,0.5,0.5
2020-01-06 03:59:59.999,0.5,0.5
2020-01-06 19:59:59.999,0.5,0.5
2020-01-07 03:59:59.999,0.5,0.5
2020-01-07 19:59:59.999,0.5,0.5
2020-01-08 03:59:59.999,0.5,0.5
2020-01-08 19:59:59.999,0.5,0.5
2020-01-09 03:59:59.999,0.5,0.5
2020-01-09 23:59:59.999,0.5,0.5
2020-01-10 15:59:59.999,0.5,0.5
2020-01-10 23:59:59.999,0.5,0.5
2020-01-11 11:59:59.999,0.5,0.5
2020-01-12 03:59:59.999,0.5,0.5
2020-01-12 23:59:59.999,0.5,0.5
2020-01-13 11:59:59.999,0.5,0.5
2020-01-14 07:59:59.999,0.5,0.5
2020-01-14 19:59:59.999,0.5,0.5
2020-01-15 07:59:59.999,0.5,0.5
2020-01-15 19:59:59.999,0.5,0.5
2020-01-16 07:59:59.999,0.5,0.5
2020-01-16 19:59:59.999,0.5,0.5
2020-01-17 11:59:59.999,0.5,0.5
2020-01-17 19:59:59.999,0.5,0.5
2020-01-18 11:59:59.999,0.5,0.5
2020-01-19 07:59:59.999,0.5,0.5
2020-01-19 15:59:59.999,0.5,0.5
2020-01-20 03:59:59.999,0.5,0.5
2020-01-20 19:59:59.999,0.5,0.5
2020-01-21 23:59:59.999,0.5,0.5
2020-01-22 23:59:59.999,0.5,0.5
2020-01-23 11:59:59.999,0.5,0.5
2020-01-24 07:59:59.999,0.5,0.5
2020-01-25 07:59:59.999,0.5,0.5
2020-01-26 07:59:59.999,0.5,0.5
2020-01-27 07:59:59.999,0.5,0.5
2020-01-27 23:59:59.999,0.5,0.5
2020-01-28 19:59:59.999,0.5,0.5
2020-01-29 03:59:59.999,0.5,0.5
2020-01-30 03:59:59.999,0.5,0.5
2020-01-30 23:59:59.999,0.5,0.5
2020-01-31 11:59:59.999,0.5,0.5
2020-02-01 03:59:59.999,0.5,0.5
2020-02-01 19:59:59.999,0.5,0.5
2020-02-02 11:59:59.999,0.5,0.5
2020-02-03 07:59:59.999,0.5,0.5
2020-02-04 11:59:59.999,0.5,0.5
2020-02-05 19:59:59.999,0.5,0.5
2020-02-06 19:59:59.999,0.5,0.5
2020-02-07 11:59:59.999,0.5,0.5
2020-02-09 11:59:59.999,0.5,0.5
2020-02-10 11:59:59.999,0.5,0.5
2020-02-10 23:59:59.999,0.5,0.5
2020-02-11 07:59:59.999,0.5,0.5
2020-02-11 19:59:59.999,0.5,0.5
2020-02-12 15:59:59.999,0.5,0.5
2020-02-13 15:59:59.999,0.5,0.5
2020-02-14 19:59:59.999,0.5,0.5
2020-02-15 19:59:59.999,0.5,0.5
2020-02-16 19:59:59.999,0.5,0.5
2020-02-17 11:59:59.999,0.5,0.5
2020-02-17 19:59:59.999,0.5,0.5
2020-02-18 15:59:59.999,0.5,0.5
2020-02-19 03:59:59.999,0.5,0.5
2020-02-20 03:59:59.999,0.5,0.5
2020-02-20 23:59:59.999,0.5,0.5
2020-02-22 03:59:59.999,0.5,0.5
2020-02-23 15:59:59.999,0.5,0.5
2020-02-24 07:59:59.999,0.5,0.5
2020-02-24 23:59:59.999,0.5,0.5
2020-02-25 11:59:59.999,0.5,0.5
2020-02-25 19:59:59.999,0.5,0.5
2020-02-26 07:59:59.999,0.5,0.5
2020-02-26 19:59:59.999,0.5,0.5
2020-02-27 07:59:59.999,0.5,0.5
2020-02-27 19:59:59.999,0.5,0.5
2020-02-28 03:59:59.999,0.5,0.5
2020-02-28 11:59:59.999,0.5,0.5
2020-02-28 19:59:59.999,0.5,0.5
2020-02-29 19:59:59.999,0.5,0.5
2020-03-01 03:59:59.999,0.5,0.5
2020-03-01 19:59:59.999,0.5,0.5
2020-03-02 19:59:59.999,0.5,0.5
2020-03-03 11:59:59.999,0.5,0.5
2020-03-03 19:59:59.999,0.5,0.5
2020-03-04 15:59:59.999,0.5,0.5
2020-03-05 15:59:59.999,0.5,0.5
2020-03-07 23:59:59.999,0.5,0.5
2020-03-08 07:59:59.999,0.5,0.5
2020-03-08 19:59:59.999,0.5,0.5
2020-03-09 03:59:59.999,0.5,0.5
2020-03-09 11:59:59.999,0.5,0.5
2020-03-09 19:59:59.999,0.5,0.5
2020-03-10 15:59:59.999,0.5,0.5
2020-03-11 03:59:59.999,0.5,0.5
2020-03-11 15:59:59.999,0.5,0.5
2020-03-11 23:59:59.999,0.5,0.5
2020-03-12 07:59:59.999,0.5,0.5
2020-03-12 15:59:59.999,0.5,0.5
2020-03-12 23:59:59.999,0.5,0.5
2020-03-13 07:59:59.999,0.5,0.5
2020-03-13 15:59:59.999,0.5,0.5
2020-03-13 23:59:59.999,0.5,0.5
2020-03-14 07:59:59.999,0.5,0.5
2020-03-14 15:59:59.999,0.5,0.5
2020-03-14 23:59:59.999,0.5,0.5
2020-03-15 07:59:59.999,0.5,0.5
2020-03-15 15:59:59.999,0.5,0.5
2020-03-15 23:59:59.999,0.5,0.5
2020-03-16 07:59:59.999,0.5,0.5
2020-03-16 15:59:59.999,0.5,0.5
2020-03-16 23:59:59.999,0.5,0.5
2020-03-17 07:59:59.999,0.5,0.5
2020-03-17 15:59:59.999,0.5,0.5
2020-03-17 23:59:59.999,0.5,0.5
2020-03-18 07:59:59.999,0.5,0.5
2020-03-18 15:59:59.999,0.5,0.5
2020-03-18 23:59:59.999,0.5,0.5
2020-03-19 07:59:59.999,0.5,0.5
2020-03-19 15:59:59.999,0.5,0.5
2020-03-19 23:59:59.999,0.5,0.5
2020-03-20 07:59:59.999,0.5,0.5
2020-03-20 15:59:59.999,0.5,0.5
2020-03-20 23:59:59.999,0.5,0.5
2020-03-21 07:59:59.999,0.5,0.5
2020-03-21 15:59:59.999,0.5,0.5
2020-03-21 23:59:59.999,0.5,0.5
2020-03-22 11:59:59.999,0.5,0.5
2020-03-22 19:59:59.999,0.5,0.5
2020-03-23 03:59:59.999,0.5,0.5
2020-03-23 11:59:59.999,0.5,0.5
2020-03-23 19:59:59.999,0.5,0.5
2020-03-24 03:59:59.999,0.5,0.5
2020-03-24 11:59:59.999,0.5,0.5
2020-03-24 19:59:59.999,0.5,0.5
2020-03-25 03:59:59.999,0.5,0.5
2020-03-25 15:59:59.999,0.5,0.5
2020-03-25 23:59:59.999,0.5,0.5
2020-03-26 07:59:59.999,0.5,0.5
2020-03-26 15:59:59.999,0.5,0.5
2020-03-27 07:59:59.999,0.5,0.5
2020-03-27 19:59:59.999,0.5,0.5
2020-03-28 03:59:59.999,0.5,0.5
2020-03-28 15:59:59.999,0.5,0.5
2020-03-28 23:59:59.999,0.5,0.5
2020-03-29 11:59:59.999,0.5,0.5
2020-03-29 23:59:59.999,0.5,0.5
2020-03-30 11:59:59.999,0.5,0.5
2020-03-30 19:59:59.999,0.5,0.5
2020-03-31 03:59:59.999,0.5,0.5
2020-03-31 15:59:59.999,0.5,0.5
2020-04-01 07:59:59.999,0.5,0.5
2020-04-01 19:59:59.999,0.5,0.5
2020-04-02 03:59:59.999,0.5,0.5
2020-04-02 15:59:59.999,0.5,0.5
2020-04-02 23:59:59.999,0.5,0.5
2020-04-03 15:59:59.999,0.5,0.5
2020-04-03 23:59:59.999,0.5,0.5
2020-04-04 07:59:59.999,0.5,0.5
2020-04-04 15:59:59.999,0.5,0.5
2020-04-04 23:59:59.999,0.5,0.5
2020-04-05 11:59:59.999,0.5,0.5
2020-04-06 11:59:59.999,0.5,0.5
2020-04-06 23:59:59.999,0.5,0.5
2020-04-07 07:59:59.999,0.5,0.5
2020-04-07 19:59:59.999,0.5,0.5
2020-04-08 03:59:59.999,0.5,0.5
2020-04-08 15:59:59.999,0.5,0.5
2020-04-08 23:59:59.999,0.5,0.5
2020-04-09 11:59:59.999,0.5,0.5
2020-04-10 07:59:59.999,0.5,0.5
2020-04-10 19:59:59.999,0.5,0.5
2020-04-11 23:59:59.999,0.5,0.5
2020-04-12 23:59:59.999,0.5,0.5
2020-04-13 07:59:59.999,0.5,0.5
2020-04-13 19:59:59.999,0.5,0.5
2020-04-14 15:59:59.999,0.5,0.5
2020-04-14 23:59:59.999,0.5,0.5
2020-04-15 15:59:59.999,0.5,0.5
2020-04-16 03:59:59.999,0.5,0.5
2020-04-16 11:59:59.999,0.5,0.5
2020-04-17 03:59:59.999,0.5,0.5
2020-04-17 19:59:59.999,0.5,0.5
2020-04-18 03:59:59.999,0.5,0.5
2020-04-19 19:59:59.999,0.5,0.5
2020-04-20 03:59:59.999,0.5,0.5
2020-04-20 15:59:59.999,0.5,0.5
2020-04-20 23:59:59.999,0.5,0.5
2020-04-21 15:59:59.999,0.5,0.5
2020-04-22 03:59:59.999,0.5,0.5
2020-04-22 19:59:59.999,0.5,0.5
2020-04-23 11:59:59.999,0.5,0.5
2020-04-23 19:59:59.999,0.5,0.5
2020-04-24 03:59:59.999,0.5,0.5
2020-04-24 15:59:59.999,0.5,0.5
2020-04-25 23:59:59.999,0.5,0.5
2020-04-26 19:59:59.999,0.5,0.5
2020-04-27 07:59:59.999,0.5,0.5
2020-04-28 07:59:59.999,0.5,0.5
2020-04-29 11:59:59.999,0.5,0.5
2020-04-29 19:59:59.999,0.5,0.5
2020-04-30 03:59:59.999,0.5,0.5
2020-04-30 11:59:59.999,0.5,0.5
2020-04-30 19:59:59.999,0.5,0.5
2020-05-01 03:59:59.999,0.5,0.5
2020-05-01 15:59:59.999,0.5,0.5
2020-05-02 23:59:59.999,0.5,0.5
2020-05-03 11:59:59.999,0.5,0.5
2020-05-03 19:59:59.999,0.5,0.5
2020-05-04 07:59:59.999,0.5,0.5
2020-05-05 03:59:59.999,0.5,0.5
2020-05-05 11:59:59.999,0.5,0.5
2020-05-05 19:59:59.999,0.5,0.5
2020-05-06 03:59:59.999,0.5,0.5
2020-05-06 15:59:59.999,0.5,0.5
2020-05-07 03:59:59.999,0.5,0.5
2020-05-07 19:59:59.999,0.5,0.5
2020-05-08 07:59:59.999,0.5,0.5
2020-05-08 19:59:59.999,0.5,0.5
2020-05-09 03:59:59.999,0.5,0.5
2020-05-09 11:59:59.999,0.5,0.5
2020-05-10 03:59:59.999,0.5,0.5
2020-05-10 11:59:59.999,0.5,0.5
2020-05-10 19:59:59.999,0.5,0.5
2020-05-11 03:59:59.999,0.5,0.5
2020-05-11 15:59:59.999,0.5,0.5
2020-05-11 23:59:59.999,0.5,0.5
2020-05-12 07:59:59.999,0.5,0.5
2020-05-12 19:59:59.999,0.5,0.5
2020-05-13 19:59:59.999,0.5,0.5
2020-05-14 11:59:59.999,0.5,0.5
2020-05-14 19:59:59.999,0.5,0.5
2020-05-15 03:59:59.999,0.5,0.5
2020-05-15 19:59:59.999,0.5,0.5
2020-05-16 03:59:59.999,0.5,0.5
2020-05-16 11:59:59.999,0.5,0.5
2020-05-16 19:59:59.999,0.5,0.5
2020-05-17 07:59:59.999,0.5,0.5
2020-05-17 19:59:59.999,0.5,0.5
2020-05-18 03:59:59.999,0.5,0.5
2020-05-18 15:59:59.999,0.5,0.5
2020-05-19 07:59:59.999,0.5,0.5
2020-05-19 15:59:59.999,0.5,0.5
2020-05-20 11:59:59.999,0.5,0.5
2020-05-20 19:59:59.999,0.5,0.5
2020-05-21 15:59:59.999,0.5,0.5
2020-05-21 23:59:59.999,0.5,0.5
2020-05-24 19:59:59.999,0.5,0.5
2020-05-25 03:59:59.999,0.5,0.5
2020-05-25 15:59:59.999,0.5,0.5
2020-05-26 19:59:59.999,0.5,0.5
2020-05-27 15:59:59.999,0.5,0.5
2020-05-28 11:59:59.999,0.5,0.5
2020-05-29 03:59:59.999,0.5,0.5
2020-05-29 15:59:59.999,0.5,0.5
2020-05-31 03:59:59.999,0.5,0.5
2020-06-01 03:59:59.999,0.5,0.5
2020-06-02 03:59:59.999,0.5,0.5
2020-06-02 19:59:59.999,0.5,0.5
2020-06-03 11:59:59.999,0.5,0.5
2020-06-04 15:59:59.999,0.5,0.5
2020-06-05 15:59:59.999,0.5,0.5
2020-06-06 07:59:59.999,0.5,0.5
2020-06-06 23:59:59.999,0.5,0.5
2020-06-07 19:59:59.999,0.5,0.5
2020-06-09 07:59:59.999,0.5,0.5
2020-06-10 23:59:59.999,0.5,0.5
2020-06-11 19:59:59.999,0.5,0.5
2020-06-12 03:59:59.999,0.5,0.5
2020-06-12 19:59:59.999,0.5,0.5
2020-06-15 03:59:59.999,0.5,0.5
2020-06-15 11:59:59.999,0.5,0.5
2020-06-15 23:59:59.999,0.5,0.5
2020-06-16 19:59:59.999,0.5,0.5
2020-06-17 23:59:59.999,0.5,0.5
2020-06-19 03:59:59.999,0.5,0.5
2020-06-19 23:59:59.999,0.5,0.5
2020-06-21 23:59:59.999,0.5,0.5
2020-06-22 23:59:59.999,0.5,0.5
2020-06-24 11:59:59.999,0.5,0.5
2020-06-24 19:59:59.999,0.5,0.5
2020-06-25 07:59:59.999,0.5,0.5
2020-06-25 19:59:59.999,0.5,0.5
2020-06-26 11:59:59.999,0.5,0.5
2020-06-26 19:59:59.999,0.5,0.5
2020-06-27 23:59:59.999,0.5,0.5
2020-07-01 23:59:59.999,0.5,0.5
2020-07-02 19:59:59.999,0.5,0.5
2020-07-03 15:59:59.999,0.5,0.5
2020-07-06 03:59:59.999,0.5,0.5
2020-07-07 03:59:59.999,0.5,0.5
2020-07-09 19:59:59.999,0.5,0.5
2020-07-11 15:59:59.999,0.5,0.5
2020-07-12 19:59:59.999,0.5,0.5
2020-07-13 23:59:59.999,0.5,0.5
2020-07-16 11:59:59.999,0.5,0.5
2020-07-21 19:59:59.999,0.5,0.5
2020-07-23 23:59:59.999,0.5,0.5
2020-07-26 15:59:59.999,0.5,0.5
2020-07-27 07:59:59.999,0.5,0.5
2020-07-27 15:59:59.999,0.5,0.5
2020-07-27 23:59:59.999,0.5,0.5
2020-07-28 07:59:59.999,0.5,0.5
2020-07-28 15:59:59.999,0.5,0.5
2020-07-28 23:59:59.999,0.5,0.5
2020-07-29 19:59:59.999,0.5,0.5
2020-07-30 03:59:59.999,0.5,0.5
2020-07-31 07:59:59.999,0.5,0.5
2020-07-31 19:59:59.999,0.5,0.5
2020-08-01 11:59:59.999,0.5,0.5
2020-08-02 03:59:59.999,0.5,0.5
2020-08-02 11:59:59.999,0.5,0.5
2020-08-03 03:59:59.999,0.5,0.5
2020-08-03 23:59:59.999,0.5,0.5
2020-08-04 07:59:59.999,0.5,0.5
2020-08-04 15:59:59.999,0.5,0.5
2020-08-05 19:59:59.999,0.5,0.5
2020-08-06 03:59:59.999,0.5,0.5
2020-08-07 03:59:59.999,0.5,0.5
2020-08-07 19:59:59.999,0.5,0.5
2020-08-10 07:59:59.999,0.5,0.5
2020-08-10 15:59:59.999,0.5,0.5
2020-08-11 11:59:59.999,0.5,0.5
2020-08-11 19:59:59.999,0.5,0.5
2020-08-12 03:59:59.999,0.5,0.5
2020-08-12 11:59:59.999,0.5,0.5
2020-08-13 15:59:59.999,0.5,0.5
2020-08-14 23:59:59.999,0.5,0.5
2020-08-15 19:59:59.999,0.5,0.5
2020-08-16 03:59:59.999,0.5,0.5
2020-08-16 15:59:59.999,0.5,0.5
2020-08-17 19:59:59.999,0.5,0.5
2020-08-18 19:59:59.999,0.5,0.5
2020-08-19 11:59:59.999,0.5,0.5
2020-08-19 23:59:59.999,0.5,0.5
2020-08-21 15:59:59.999,0.5,0.5
2020-08-22 03:59:59.999,0.5,0.5
2020-08-24 15:59:59.999,0.5,0.5
2020-08-25 11:59:59.999,0.5,0.5
2020-08-25 19:59:59.999,0.5,0.5
2020-08-26 19:59:59.999,0.5,0.5
2020-08-27 19:59:59.999,0.5,0.5
2020-08-30 07:59:59.999,0.5,0.5
2020-08-31 15:59:59.999,0.5,0.5
2020-09-01 07:59:59.999,0.5,0.5
2020-09-02 03:59:59.999,0.5,0.5
2020-09-02 15:59:59.999,0.5,0.5
2020-09-03 11:59:59.999,0.5,0.5
2020-09-03 19:59:59.999,0.5,0.5
2020-09-04 03:59:59.999,0.5,0.5
2020-09-04 11:59:59.999,0.5,0.5
2020-09-04 19:59:59.999,0.5,0.5
2020-09-05 07:59:59.999,0.5,0.5
2020-09-05 15:59:59.999,0.5,0.5
2020-09-05 23:59:59.999,0.5,0.5
2020-09-06 11:59:59.999,0.5,0.5
2020-09-07 11:59:59.999,0.5,0.5
2020-09-07 19:59:59.999,0.5,0.5
2020-09-08 15:59:59.999,0.5,0.5
2020-09-08 23:59:59.999,0.5,0.5
2020-09-10 07:59:59.999,0.5,0.5
2020-09-10 23:59:59.999,0.5,0.5
2020-09-13 15:59:59.999,0.5,0.5
2020-09-14 15:59:59.999,0.5,0.5
2020-09-15 11:59:59.999,0.5,0.5
2020-09-15 19:59:59.999,0.5,0.5
2020-09-17 15:59:59.999,0.5,0.5
2020-09-18 23:59:59.999,0.5,0.5
2020-09-20 07:59:59.999,0.5,0.5
2020-09-20 19:59:59.999,0.5,0.5
2020-09-21 15:59:59.999,0.5,0.5
2020-09-22 03:59:59.999,0.5,0.5
2020-09-23 11:59:59.999,0.5,0.5
2020-09-23 23:59:59.999,0.5,0.5
2020-09-24 19:59:59.999,0.5,0.5
2020-09-25 11:59:59.999,0.5,0.5
2020-09-27 11:59:59.999,0.5,0.5
2020-09-28 07:59:59.999,0.5,0.5
2020-09-29 03:59:59.999,0.5,0.5
2020-09-29 23:59:59.999,0.5,0.5
2020-09-30 11:59:59.999,0.5,0.5
2020-10-01 23:59:59.999,0.5,0.5
2020-10-02 11:59:59.999,0.5,0.5
2020-10-05 19:59:59.999,0.5,0.5
2020-10-06 23:59:59.999,0.5,0.5
2020-10-08 19:59:59.999,0.5,0.5
2020-10-10 07:59:59.999,0.5,0.5
2020-10-12 15:59:59.999,0.5,0.5
2020-10-13 03:59:59.999,0.5,0.5
2020-10-14 19:59:59.999,0.5,0.5
2020-10-16 11:59:59.999,0.5,0.5
2020-10-19 19:59:59.999,0.5,0.5
2020-10-21 07:59:59.999,0.5,0.5
2020-10-21 19:59:59.999,0.5,0.5
2020-10-22 03:59:59.999,0.5,0.5
2020-10-22 15:59:59.999,0.5,0.5
2020-10-23 03:59:59.999,0.5,0.5
2020-10-23 23:59:59.999,0.5,0.5
2020-10-25 07:59:59.999,0.5,0.5
2020-10-26 19:59:59.999,0.5,0.5
2020-10-27 15:59:59.999,0.5,0.5
2020-10-28 03:59:59.999,0.5,0.5
2020-10-28 11:59:59.999,0.5,0.5
2020-10-28 19:59:59.999,0.5,0.5
2020-10-29 11:59:59.999,0.5,0.5
2020-10-29 19:59:59.999,0.5,0.5
2020-10-30 07:59:59.999,0.5,0.5
2020-10-31 03:59:59.999,0.5,0.5
2020-10-31 15:59:59.999,0.5,0.5
2020-11-01 07:59:59.999,0.5,0.5
2020-11-02 15:59:59.999,0.5,0.5
2020-11-03 07:59:59.999,0.5,0.5
2020-11-04 03:59:59.999,0.5,0.5
2020-11-04 11:59:59.999,0.5,0.5
2020-11-04 23:59:59.999,0.5,0.5
2020-11-05 07:59:59.999,0.5,0.5
2020-11-05 19:59:59.999,0.5,0.5
2020-11-06 03:59:59.999,0.5,0.5
2020-11-06 15:59:59.999,0.5,0.5
2020-11-07 03:59:59.999,0.5,0.5
2020-11-07 19:59:59.999,0.5,0.5
2020-11-08 03:59:59.999,0.5,0.5
2020-11-08 19:59:59.999,0.5,0.5
2020-11-09 11:59:59.999,0.5,0.5
2020-11-09 19:59:59.999,0.5,0.5
2020-11-10 19:59:59.999,0.5,0.5
2020-11-11 23:59:59.999,0.5,0.5
2020-11-12 07:59:59.999,0.5,0.5
2020-11-12 15:59:59.999,0.5,0.5
2020-11-12 23:59:59.999,0.5,0.5
2020-11-13 11:59:59.999,0.5,0.5
2020-11-13 23:59:59.999,0.5,0.5
2020-11-14 11:59:59.999,0.5,0.5
2020-11-14 23:59:59.999,0.5,0.5
2020-11-16 03:59:59.999,0.5,0.5
2020-11-16 23:59:59.999,0.5,0.5
2020-11-17 19:59:59.999,0.5,0.5
2020-11-18 11:59:59.999,0.5,0.5
2020-11-18 19:59:59.999,0.5,0.5
2020-11-19 07:59:59.999,0.5,0.5
2020-11-19 15:59:59.999,0.5,0.5
2020-11-20 03:59:59.999,0.5,0.5
2020-11-20 19:59:59.999,0.5,0.5
2020-11-21 11:59:59.999,0.5,0.5
2020-11-22 03:59:59.999,0.5,0.5
2020-11-22 11:59:59.999,0.5,0.5
2020-11-22 23:59:59.999,0.5,0.5
2020-11-23 07:59:59.999,0.5,0.5
2020-11-23 19:59:59.999,0.5,0.5
2020-11-24 11:59:59.999,0.5,0.5
2020-11-25 03:59:59.999,0.5,0.5
2020-11-25 19:59:59.999,0.5,0.5
2020-11-26 03:59:59.999,0.5,0.5
2020-11-26 11:59:59.999,0.5,0.5
2020-11-26 19:59:59.999,0.5,0.5
2020-11-27 03:59:59.999,0.5,0.5
2020-11-27 11:59:59.999,0.5,0.5
2020-11-27 19:59:59.999,0.5,0.5
2020-11-28 03:59:59.999,0.5,0.5
2020-11-28 19:59:59.999,0.5,0.5
2020-11-29 07:59:59.999,0.5,0.5
2020-11-30 03:59:59.999,0.5,0.5
2020-11-30 19:59:59.999,0.5,0.5
2020-12-01 03:59:59.999,0.5,0.5
2020-12-01 15:59:59.999,0.5,0.5
2020-12-01 23:59:59.999,0.5,0.5
2020-12-02 07:59:59.999,0.5,0.5
2020-12-02 15:59:59.999,0.5,0.5
2020-12-03 11:59:59.999,0.5,0.5
2020-12-03 23:59:59.999,0.5,0.5
2020-12-04 07:59:59.999,0.5,0.5
2020-12-04 15:59:59.999,0.5,0.5
2021-01-18 19:59:59.999,0.5,0.5
2021-02-27 11:59:59.999,0.5,0.5
2021-04-19 15:59:59.999,0.5,0.5
2021-05-30 19:59:59.999,0.5,0.5
2021-07-15 03:59:59.999,0.5,0.5
2021-09-08 07:59:59.999,0.5,0.5
2021-11-01 23:59:59.999,0.5,0.5
2021-12-25 03:59:59.999,0.5,0.5
2022-02-21 23:59:59.999,0.5,0.5
2022-04-29 23:59:59.999,0.5,0.5
2022-06-21 11:59:59.999,0.5,0.5
2022-08-12 15:59:59.999,0.5,0.5
2022-11-03 15:59:59.999,0.5,0.5
2023-02-16 03:59:59.999,0.5,0.5
2023-05-10 23:59:59.999,0.5,0.5
2023-09-18 23:59:59.999,0.5,0.5
2024-01-07 23:59:59.999,0.5,0.5
2024-03-21 23:59:59.999,0.5,0.5
2024-06-03 19:59:59.999,0.5,0.5
2024-08-24 07:59:59.999,0.5,0.5
2024-11-25 19:59:59.999,0.5,0.5
2025-02-07 19:59:59.999,0.5,0.5
2025-05-01 19:59:59.999,0.5,0.5
2025-09-22 11:59:59.999,0.5,0.5
