time,position,entry,exit,pnl,balance,exited
2024-06-02,LONG,67765.63,68035.99,1.21,1001.21,100%
2024-06-03,SHORT,68809.9,68143.21,2.77,1003.98,100%
2024-06-04,SHORT,70537.84,68881.54,4.83,1008.81,100%
2024-06-05,SHORT,71108.0,71249.99,0.07,1008.87,100%
2024-06-06,SHORT,70799.06,70804.68,0.25,1009.12,100%
2024-06-08,SHORT,69310.46,67723.98,2.94,1012.06,100%
2024-06-09,SHORT,69648.14,69666.6,0.22,1012.28,100%
2024-06-10,SHORT,69540.0,67960.95,2.86,1015.14,100%
2024-06-11,LONG,67314.24,69580.03,6.76,1021.91,100%
2024-06-12,SHORT,68263.99,67606.36,2.66,1024.57,100%
2024-06-13,LONG,66773.01,68194.68,4.46,1029.03,100%
2024-06-14,LONG,66043.99,66643.02,2.5,1031.53,100%
2024-06-15,LONG,66228.25,66547.56,1.27,1032.81,100%
2024-06-16,SHORT,66676.87,66740.68,0.22,1033.03,100%
2024-06-17,SHORT,66504.33,65156.66,2.74,1035.77,100%
2024-06-18,LONG,65175.32,66538.88,4.38,1040.15,100%
2024-06-19,LONG,64974.37,64970.99,0.29,1040.44,100%
2024-06-20,SHORT,64869.99,63570.01,2.67,1043.11,100%
2024-06-21,SHORT,64143.56,64219.83,0.13,1043.24,100%
2024-06-22,SHORT,64262.01,62922.87,2.7,1045.94,100%
2024-06-23,SHORT,63210.01,62579.88,2.23,1048.17,100%
2024-06-24,LONG,60293.3,63181.48,10.3,1058.47,100%
2024-06-25,SHORT,61806.01,60336.0,5.15,1063.62,100%
2024-06-26,LONG,60864.99,62181.98,3.71,1067.33,100%
2024-06-27,LONG,61706.47,62014.32,1.42,1068.75,100%
2024-06-28,LONG,60427.84,61685.37,4.43,1073.18,100%
2024-06-29,LONG,60986.68,62244.7,2.95,1076.13,100%
2024-06-30,LONG,62772.01,63390.0,2.42,1078.55,100%
2024-07-01,SHORT,62899.99,62931.36,0.19,1078.74,100%
2024-07-02,SHORT,62135.47,62139.48,0.26,1079.01,100%
2024-07-03,SHORT,60208.58,60212.01,0.34,1079.35,100%
2024-07-04,LONG,57050.01,60232.0,12.13,1091.48,100%
2024-07-05,LONG,56628.79,56823.75,1.53,1093.01,100%
2024-07-06,SHORT,58230.13,56564.01,6.13,1099.14,100%
2024-07-07,LONG,55857.81,58135.99,9.15,1108.29,100%
2024-07-08,LONG,56714.62,57849.08,3.16,1111.44,100%
2024-07-09,LONG,58050.0,59331.45,3.23,1114.67,100%
2024-07-10,LONG,57725.85,58925.98,3.25,1117.92,100%
2024-07-11,LONG,57339.89,57849.35,2.44,1120.37,100%
2024-07-12,LONG,57889.1,58157.91,1.41,1121.77,100%
2024-07-13,LONG,59204.02,59190.01,0.3,1122.08,100%
2024-07-14,LONG,60797.91,60774.0,0.35,1122.43,100%
2024-07-15,LONG,64724.14,64646.27,0.17,1122.59,100%
2024-07-16,LONG,65043.99,65650.62,2.31,1124.91,100%
2024-07-17,LONG,64087.99,65371.44,3.57,1128.47,100%
2024-07-18,LONG,63987.92,64614.66,2.35,1130.82,100%
2024-07-19,LONG,66660.0,66980.0,1.49,1132.31,100%
2024-07-20,LONG,67139.96,67107.92,0.21,1132.53,100%
2024-07-21,SHORT,68165.34,66742.01,3.72,1136.25,100%
2024-07-22,SHORT,67532.01,67544.01,0.26,1136.51,100%
2024-07-23,LONG,65936.01,67570.85,5.45,1141.96,100%
2024-07-24,LONG,65376.0,65638.0,1.58,1143.54,100%
2024-07-25,LONG,65799.95,67116.0,2.92,1146.46,100%
2024-07-26,LONG,67907.99,67899.24,0.29,1146.75,100%
2024-07-27,LONG,67896.5,69338.01,3.14,1149.89,100%
2024-07-28,LONG,68249.88,68590.01,1.55,1151.44,100%
2024-07-29,LONG,66784.69,68208.71,4.97,1156.41,100%
2024-07-30,SHORT,66188.0,66210.01,0.35,1156.76,100%
2024-07-31,LONG,64628.0,66107.02,5.49,1162.25,100%
2024-08-01,SHORT,65354.02,64000.01,3.52,1165.77,100%
2024-08-02,SHORT,61498.33,60920.39,2.54,1168.31,100%
2024-08-03,SHORT,60697.99,60396.02,1.63,1169.94,100%
2024-08-04,SHORT,58161.0,58000.0,1.45,1171.39,100%
2024-08-05,LONG,54018.81,58182.01,18.06,1189.45,100%
2024-08-06,LONG,56022.01,55924.55,0.19,1189.64,100%
2024-08-07,LONG,55134.16,55682.0,3.69,1193.33,100%
2024-08-08,SHORT,61685.99,55206.08,25.18,1218.51,100%
2024-08-09,LONG,60837.99,61127.99,2.13,1220.64,100%
2024-08-10,LONG,60923.51,60891.99,0.22,1220.86,100%
2024-08-11,LONG,58712.59,60936.0,9.2,1230.05,100%
2024-08-12,LONG,59346.64,59589.07,1.49,1231.55,100%
2024-08-13,LONG,60587.15,61157.89,2.48,1234.03,100%
2024-08-14,LONG,58683.39,60482.39,7.78,1241.81,100%
2024-08-15,LONG,57541.06,58719.99,5.25,1247.05,100%
2024-08-16,LONG,58874.6,59419.36,2.62,1249.67,100%
2024-08-17,LONG,59491.99,59661.03,1.46,1251.13,100%
2024-08-18,LONG,58427.35,59613.53,4.69,1255.82,100%
2024-08-19,LONG,59438.5,60782.87,3.5,1259.32,100%
2024-08-20,LONG,59013.8,60293.97,3.79,1263.11,100%
2024-08-21,LONG,61156.03,61387.46,1.46,1264.57,100%
2024-08-22,LONG,60375.84,60670.02,2.31,1266.88,100%
2024-08-23,LONG,64037.24,64112.84,1.44,1268.32,100%
2024-08-24,SHORT,64157.01,64180.0,0.25,1268.57,100%
2024-08-25,LONG,64220.0,64530.85,1.64,1270.22,100%
2024-08-26,SHORT,62834.0,61532.02,3.34,1273.55,100%
2024-08-27,LONG,59415.0,62887.99,14.64,1288.19,100%
2024-08-28,LONG,59034.9,59003.0,0.28,1288.47,100%
2024-08-29,SHORT,59359.01,59359.99,0.37,1288.84,100%
2024-08-30,LONG,59123.99,59064.99,0.13,1288.97,100%
2024-08-31,SHORT,58973.99,58402.0,2.73,1291.7,100%
2024-09-01,LONG,57301.86,58963.01,7.5,1299.2,100%
2024-09-02,SHORT,59132.13,57400.86,7.82,1307.02,100%
2024-09-03,LONG,57487.73,59127.0,7.38,1314.4,100%
2024-09-04,SHORT,57970.9,56407.85,4.4,1318.8,100%
2024-09-05,SHORT,56180.0,56191.1,0.33,1319.14,100%
2024-09-06,LONG,53962.97,56199.94,10.92,1330.05,100%
2024-09-07,LONG,54160.86,54396.99,1.68,1331.73,100%
2024-09-08,LONG,54869.95,54711.14,-0.24,1331.49,100%
2024-09-09,LONG,57042.0,57304.93,2.17,1333.66,100%
2024-09-10,LONG,57635.99,57591.1,0.21,1333.87,100%
2024-09-11,LONG,57338.0,57322.0,0.32,1334.19,100%
2024-09-12,LONG,58132.32,58097.99,0.25,1334.44,100%
2024-09-13,SHORT,60498.0,58154.0,10.38,1344.83,100%
2024-09-14,LONG,59993.03,60288.0,1.93,1346.76,100%
2024-09-15,LONG,59132.0,60316.01,4.34,1351.09,100%
2024-09-16,LONG,58213.99,58731.62,3.69,1354.79,100%
2024-09-17,LONG,60313.99,60881.72,2.83,1357.61,100%
2024-09-18,LONG,61759.99,62042.44,1.7,1359.32,100%
2024-09-19,LONG,62947.99,62910.01,0.24,1359.56,100%
2024-09-20,LONG,63201.05,63470.0,1.68,1361.23,100%
2024-09-21,LONG,63348.96,63618.0,1.64,1362.87,100%
2024-09-22,LONG,63578.76,63521.17,0.26,1363.13,100%
2024-09-23,LONG,63339.99,64611.9,3.57,1366.7,100%
2024-09-24,LONG,64262.7,64250.89,0.31,1367.01,100%
2024-09-25,LONG,63152.01,64423.73,4.99,1372.0,100%
2024-09-26,LONG,65173.99,65158.01,0.3,1372.3,100%
2024-09-27,SHORT,65769.95,65451.66,1.99,1374.29,100%
2024-09-28,SHORT,65858.0,65859.59,0.37,1374.66,100%
2024-09-29,SHORT,65602.01,64248.0,3.52,1378.18,100%
2024-09-30,SHORT,63327.59,63338.0,0.38,1378.55,100%
2024-10-01,LONG,60805.78,63338.67,11.69,1390.24,100%
2024-10-02,LONG,60649.28,61869.54,3.53,1393.78,100%
2024-10-03,LONG,60752.71,61054.03,1.77,1395.55,100%
2024-10-04,LONG,62086.0,62039.51,0.22,1395.77,100%
2024-10-05,LONG,62058.0,62050.01,0.32,1396.1,100%
2024-10-06,LONG,62819.91,63416.92,2.85,1398.95,100%
2024-10-07,LONG,62224.0,63518.98,3.95,1402.9,100%
2024-10-08,LONG,62160.49,62470.0,1.77,1404.66,100%
2024-10-09,LONG,60636.02,62102.15,6.94,1411.6,100%
2024-10-10,LONG,60326.39,60901.02,2.89,1414.5,100%
2024-10-11,LONG,62540.0,62819.47,1.85,1416.35,100%
2024-10-12,LONG,63206.22,64499.0,3.61,1419.96,100%
2024-10-13,LONG,62870.02,62860.02,0.4,1420.36,100%
2024-10-14,LONG,66083.99,66074.02,0.37,1420.73,100%
2024-10-15,LONG,67074.14,67393.33,1.92,1422.65,100%
2024-10-16,LONG,67620.01,67945.58,1.86,1424.5,100%
2024-10-17,LONG,67421.78,67416.55,0.35,1424.85,100%
2024-10-18,LONG,68428.0,68361.62,0.16,1425.01,100%
2024-10-19,LONG,68378.0,69060.61,2.92,1427.93,100%
2024-10-20,SHORT,69031.99,68720.47,2.04,1429.97,100%
2024-10-21,LONG,67377.5,68990.6,6.87,1436.83,100%
2024-10-22,LONG,67426.0,67389.98,0.27,1437.1,100%
2024-10-23,LONG,66668.65,66991.57,2.3,1439.4,100%
2024-10-24,LONG,68198.28,68194.88,0.36,1439.75,100%
2024-10-25,LONG,66698.33,68282.09,6.72,1446.48,100%
2024-10-26,LONG,67092.76,67760.01,2.92,1449.39,100%
2024-10-27,LONG,68021.7,68700.01,2.91,1452.3,100%
2024-10-28,LONG,69962.21,71468.0,3.91,1456.21,100%
2024-10-29,SHORT,72736.42,69889.02,11.26,1467.47,100%
2024-10-30,SHORT,72344.74,72012.11,1.79,1469.26,100%
2024-10-31,LONG,70292.01,72370.0,8.65,1477.92,100%
2024-11-01,LONG,69496.01,69735.82,2.25,1480.17,100%
2024-11-02,LONG,69374.74,69365.99,0.34,1480.51,100%
2024-11-03,LONG,68775.99,68687.36,0.36,1480.87,100%
2024-11-04,LONG,67850.01,69220.02,4.5,1485.36,100%
2024-11-05,LONG,69372.01,69659.99,1.87,1487.23,100%
2024-11-06,LONG,75571.99,75555.22,0.35,1487.58,100%
2024-11-07,LONG,75857.89,75812.0,0.25,1487.83,100%
2024-11-08,LONG,76509.78,76493.85,0.34,1488.17,100%
2024-11-09,LONG,76677.46,77056.0,1.96,1490.14,100%
2024-11-10,LONG,80370.01,80301.22,0.23,1490.36,100%
2024-11-11,LONG,88647.99,88644.01,0.43,1490.8,100%
2024-11-12,LONG,87952.01,87791.99,0.3,1491.1,100%
2024-11-13,LONG,90375.2,90248.01,0.18,1491.28,100%
2024-11-14,LONG,87325.59,90176.47,10.09,1501.37,100%
2024-11-15,LONG,91032.07,90970.0,0.38,1501.75,100%
2024-11-16,LONG,90586.92,91018.74,1.95,1503.7,100%
2024-11-17,LONG,89855.99,90278.98,2.11,1505.82,100%
2024-11-18,LONG,90464.08,90428.24,0.3,1506.12,100%
2024-11-19,LONG,92310.79,92756.01,1.97,1508.08,100%
2024-11-20,LONG,94286.56,94240.87,0.27,1508.36,100%
2024-11-21,SHORT,98317.12,94240.0,12.51,1520.87,100%
2024-11-22,SHORT,98892.0,98438.37,1.88,1522.75,100%
2024-11-23,SHORT,97672.4,97688.0,0.35,1523.1,100%
2024-11-24,SHORT,97900.04,97456.52,1.9,1525.0,100%
2024-11-25,LONG,93010.01,97680.0,15.66,1540.66,100%
2024-11-26,LONG,91965.16,93826.44,4.39,1545.05,100%
2024-11-27,LONG,95863.11,96335.96,1.95,1547.0,100%
2024-11-28,LONG,95643.98,95559.77,0.23,1547.23,100%
2024-11-29,SHORT,97460.0,95490.58,5.82,1553.05,100%
2024-11-30,LONG,96407.99,96384.0,0.76,1553.81,100%
2024-12-01,LONG,97185.18,97170.51,0.39,1554.2,100%
2024-12-02,LONG,95840.62,97844.76,5.06,1559.27,100%
2024-12-03,LONG,95849.69,95739.99,0.14,1559.41,100%
2024-12-04,LONG,98587.32,100760.53,4.49,1563.9,100%
2024-12-05,LONG,96945.63,98913.85,5.53,1569.42,100%
2024-12-06,LONG,99740.84,101740.93,4.31,1573.73,100%
2024-12-07,LONG,99831.99,99820.01,0.37,1574.1,100%
2024-12-08,SHORT,101109.59,99023.44,4.81,1578.91,100%
2024-12-09,LONG,97276.47,100899.98,12.19,1591.1,100%
2024-12-10,LONG,96593.0,97507.22,3.35,1594.45,100%
2024-12-11,LONG,101125.0,101109.38,0.37,1594.82,100%
2024-12-12,LONG,100004.29,100489.04,2.63,1597.45,100%
2024-12-13,LONG,101424.25,101917.44,2.03,1599.48,100%
2024-12-14,LONG,101420.0,101917.44,2.05,1601.53,100%
2024-12-15,LONG,104463.99,104327.14,0.15,1601.68,100%
2024-12-16,LONG,106058.66,106571.99,2.0,1603.69,100%
2024-12-17,SHORT,106133.74,106153.63,0.36,1604.05,100%
2024-12-18,LONG,100204.01,106098.83,19.03,1623.08,100%
2024-12-19,LONG,97461.86,100652.01,10.07,1633.15,100%
2024-12-20,LONG,97805.44,98765.6,3.45,1636.6,100%
2024-12-21,LONG,97291.99,97240.0,0.29,1636.89,100%
2024-12-22,LONG,95186.27,97175.01,7.0,1643.89,100%
2024-12-23,LONG,94881.47,95686.56,3.39,1647.28,100%
2024-12-24,SHORT,98663.58,94732.63,13.02,1660.3,100%
2024-12-25,LONG,99429.6,99400.79,0.37,1660.68,100%
2024-12-26,LONG,95791.6,99748.97,13.21,1673.88,100%
2024-12-27,LONG,94299.03,96220.36,5.71,1679.6,100%
2024-12-28,SHORT,95300.0,94844.43,2.56,1682.16,100%
2024-12-29,LONG,93738.2,94671.13,4.93,1687.09,100%
2024-12-30,LONG,92792.05,93663.73,3.79,1690.88,100%
2024-12-31,LONG,93576.0,93980.0,2.07,1692.95,100%
2025-01-01,LONG,94591.79,94583.62,0.47,1693.42,100%
2025-01-02,LONG,96984.79,96946.85,0.38,1693.8,100%
2025-01-03,LONG,98174.18,98166.67,0.41,1694.2,100%
2025-01-04,LONG,98220.5,98197.37,0.37,1694.57,100%
2025-01-05,LONG,98363.61,99300.09,3.47,1698.04,100%
2025-01-06,SHORT,102235.6,98461.67,12.42,1710.47,100%
2025-01-07,SHORT,96954.61,96976.97,0.38,1710.85,100%
2025-01-08,SHORT,95060.61,95079.12,0.41,1711.25,100%
2025-01-09,LONG,92552.49,95004.64,9.1,1720.36,100%
2025-01-10,SHORT,94726.11,92588.11,7.76,1728.11,100%
2025-01-11,LONG,94599.99,94591.27,0.51,1728.62,100%
2025-01-12,LONG,94545.06,94510.75,0.49,1729.12,100%
2025-01-13,LONG,94536.1,94985.03,2.21,1731.33,100%
2025-01-14,LONG,96560.86,96530.39,0.51,1731.84,100%
2025-01-15,LONG,100497.35,101396.18,3.57,1735.41,100%
2025-01-16,LONG,99987.3,99783.37,-0.04,1735.37,100%
2025-01-17,LONG,104077.48,104594.28,2.22,1737.59,100%
2025-01-18,LONG,104556.23,104517.9,0.36,1737.94,100%
2025-01-19,LONG,101331.57,104380.02,10.78,1748.73,100%
2025-01-20,LONG,102260.01,102245.21,0.41,1749.13,100%
2025-01-21,SHORT,106143.82,101908.86,12.96,1762.09,100%
2025-01-22,LONG,103706.66,106088.55,8.18,1770.27,100%
2025-01-23,LONG,103910.34,104707.99,3.73,1774.0,100%
2025-01-24,SHORT,104870.5,102750.01,4.9,1778.9,100%
2025-01-25,SHORT,104746.85,104751.73,0.43,1779.34,100%
2025-01-26,LONG,102620.0,104831.98,7.65,1786.99,100%
2025-01-27,LONG,102082.83,102549.99,2.33,1789.33,100%
2025-01-28,LONG,101335.52,102323.31,3.8,1793.12,100%
2025-01-29,SHORT,103733.24,101358.39,8.1,1801.23,100%
2025-01-30,SHORT,104722.94,104311.5,2.42,1803.65,100%
2025-01-31,SHORT,102429.56,102436.0,0.58,1804.23,100%
2025-02-01,LONG,100635.65,102649.35,6.36,1810.59,100%
2025-02-02,LONG,97700.59,100552.79,10.62,1821.21,100%
2025-02-03,SHORT,101328.52,97491.24,13.44,1834.65,100%
2025-02-04,LONG,97763.13,101464.78,13.91,1848.56,100%
2025-02-05,LONG,96612.43,98594.4,5.73,1854.29,100%
2025-02-06,LONG,96554.35,98520.0,4.82,1859.11,100%
2025-02-07,LONG,96506.8,96791.77,2.06,1861.18,100%
2025-02-08,LONG,96444.74,96432.4,0.47,1861.65,100%
2025-02-09,LONG,96462.75,96432.4,0.4,1862.05,100%
2025-02-10,SHORT,97430.82,95263.99,5.33,1867.39,100%
2025-02-11,LONG,95778.2,97751.48,6.83,1874.21,100%
2025-02-12,SHORT,97869.99,95880.48,7.99,1882.2,100%
2025-02-13,LONG,96608.14,97572.57,4.62,1886.82,100%
2025-02-14,SHORT,97500.48,97082.99,2.58,1889.4,100%
2025-02-15,SHORT,97569.66,96692.02,3.83,1893.23,100%
2025-02-16,SHORT,96118.12,96264.0,0.06,1893.29,100%
2025-02-17,LONG,95780.0,96209.58,2.36,1895.66,100%
2025-02-18,LONG,95671.74,95651.41,0.45,1896.1,100%
2025-02-19,LONG,96644.37,97115.01,2.42,1898.52,100%
2025-02-20,SHORT,98305.0,97336.77,5.8,1904.33,100%
2025-02-21,SHORT,96181.98,95735.85,2.39,1906.71,100%
2025-02-22,SHORT,96551.01,96552.0,0.52,1907.23,100%
2025-02-23,SHORT,96258.0,95826.91,2.32,1909.56,100%
2025-02-24,SHORT,91552.88,91656.08,0.25,1909.8,100%
2025-02-25,SHORT,88680.4,88755.94,0.64,1910.44,100%
2025-02-26,LONG,84250.09,88573.47,19.7,1930.14,100%
2025-02-27,LONG,84708.58,84673.81,0.58,1930.72,100%
2025-02-28,LONG,84349.94,84310.0,0.41,1931.13,100%
2025-03-01,LONG,86064.53,86060.69,0.47,1931.6,100%
2025-03-02,SHORT,94270.0,86026.01,33.83,1965.43,100%
2025-03-03,LONG,86220.61,94051.64,36.14,2001.57,100%
2025-03-04,LONG,87281.98,87680.0,2.57,2004.14,100%
2025-03-05,LONG,90606.01,91052.43,2.88,2007.02,100%
2025-03-06,LONG,89931.89,91847.37,5.56,2012.58,100%
2025-03-07,SHORT,86801.75,86105.44,4.45,2017.03,100%
2025-03-08,SHORT,86222.45,85826.95,2.56,2019.59,100%
2025-03-09,LONG,80734.37,86139.71,27.19,2046.78,100%
2025-03-10,LONG,78595.86,81149.98,12.16,2058.94,100%
2025-03-11,LONG,82932.99,82928.98,0.6,2059.54,100%
2025-03-12,LONG,83680.12,83571.43,0.15,2059.69,100%
2025-03-13,LONG,81115.78,83789.58,13.15,2072.84,100%
2025-03-14,SHORT,83983.2,80990.0,14.65,2087.49,100%
2025-03-15,SHORT,84338.44,84356.47,0.51,2088.0,100%
2025-03-16,LONG,82574.53,84355.33,8.97,2096.96,100%
2025-03-17,SHORT,84010.03,83184.79,6.41,2103.37,100%
2025-03-18,LONG,82715.03,83467.4,5.73,2109.1,100%
2025-03-19,SHORT,86845.94,82606.64,20.45,2129.55,100%
2025-03-20,LONG,84223.39,87188.0,14.14,2143.69,100%
2025-03-21,LONG,84088.79,84088.01,0.55,2144.24,100%
2025-03-22,LONG,83840.59,83814.38,0.45,2144.69,100%
2025-03-23,LONG,86082.5,86079.75,0.64,2145.33,100%
2025-03-24,SHORT,87498.16,85716.32,7.77,2153.1,100%
2025-03-25,SHORT,87392.87,87043.47,2.57,2155.67,100%
2025-03-26,SHORT,86909.17,86923.54,0.49,2156.15,100%
2025-03-27,SHORT,87232.01,86386.48,4.53,2160.68,100%
2025-03-28,LONG,84424.38,87161.55,14.12,2174.8,100%
2025-03-29,LONG,82648.54,84364.8,9.09,2183.89,100%
2025-03-30,LONG,82389.99,82662.0,2.41,2186.3,100%
2025-03-31,LONG,82550.01,82491.74,0.39,2186.69,100%
2025-04-01,SHORT,85158.34,82580.0,13.51,2200.21,100%
2025-04-02,LONG,82516.29,85152.88,14.02,2214.23,100%
2025-04-03,LONG,83213.09,83201.98,0.54,2214.77,100%
2025-04-04,SHORT,83889.87,83052.92,4.79,2219.56,100%
2025-04-05,LONG,83537.99,83512.75,0.6,2220.16,100%
2025-04-06,LONG,78430.0,83511.16,28.78,2248.94,100%
2025-04-07,LONG,79163.24,81230.14,6.6,2255.55,100%
2025-04-08,LONG,76322.42,79251.68,16.91,2272.45,100%
2025-04-09,LONG,82615.22,82999.47,2.95,2275.41,100%
2025-04-10,LONG,79607.3,82598.7,17.11,2292.52,100%
2025-04-11,LONG,83423.84,83745.6,2.69,2295.22,100%
2025-04-12,SHORT,85276.9,83391.31,9.91,2305.13,100%
2025-04-13,LONG,83760.0,85448.89,8.68,2313.81,100%
2025-04-14,LONG,84591.58,84934.79,2.71,2316.52,100%
2025-04-15,LONG,83643.99,85369.49,6.97,2323.49,100%
2025-04-16,LONG,84030.38,84852.0,4.77,2328.26,100%
2025-04-18,LONG,84474.69,84439.69,0.55,2328.81,100%
2025-04-19,LONG,85077.01,85050.0,0.48,2329.3,100%
2025-04-20,LONG,85179.24,86943.41,6.69,2335.98,100%
2025-04-21,LONG,87516.23,87913.37,2.87,2338.85,100%
2025-04-22,LONG,93442.99,93888.52,2.88,2341.73,100%
2025-04-23,LONG,93691.08,93628.76,0.4,2342.13,100%
2025-04-24,LONG,93980.47,94449.96,3.11,2345.24,100%
2025-04-25,SHORT,94638.68,94195.5,3.2,2348.43,100%
2025-04-26,SHORT,94628.0,94646.61,0.52,2348.96,100%
2025-04-27,LONG,93749.3,94613.99,5.2,2354.16,100%
2025-04-28,SHORT,95011.18,93099.77,7.44,2361.59,100%
2025-04-29,LONG,94256.82,94650.92,3.1,2364.7,100%
2025-04-30,LONG,94172.0,94517.46,2.7,2367.39,100%
2025-05-01,SHORT,96489.91,94169.45,11.36,2378.75,100%
2025-05-02,SHORT,96887.14,96896.82,0.6,2379.35,100%
2025-05-03,SHORT,95856.42,93900.0,6.34,2385.68,100%
2025-05-04,LONG,94277.62,96215.43,8.39,2394.08,100%
2025-05-05,LONG,94733.68,96737.99,6.51,2400.58,100%
2025-05-06,LONG,96834.02,96825.25,0.74,2401.33,100%
2025-05-07,LONG,97030.5,97023.21,0.7,2402.03,100%
2025-05-08,LONG,103261.6,103061.73,-0.08,2401.95,100%
2025-05-09,LONG,102971.99,103439.8,2.98,2404.92,100%
2025-05-10,SHORT,104809.53,103823.49,7.37,2412.3,100%
2025-05-11,SHORT,104118.0,104149.63,0.6,2412.9,100%
2025-05-12,LONG,102791.32,104931.92,7.46,2420.36,100%
2025-05-13,SHORT,104103.72,101936.72,7.45,2427.81,100%
2025-05-14,SHORT,103507.82,103511.0,0.65,2428.46,100%
2025-05-15,LONG,103763.71,103741.78,0.59,2429.05,100%
2025-05-16,LONG,103463.9,103361.43,0.29,2429.35,100%
2025-05-17,LONG,103126.65,103042.64,0.32,2429.67,100%
2025-05-18,LONG,106454.26,106404.22,0.53,2430.21,100%
2025-05-19,LONG,105573.74,105945.33,3.28,2433.49,100%
2025-05-20,LONG,106849.99,107327.69,3.09,2436.58,100%
2025-05-21,LONG,109643.99,109608.17,0.71,2437.29,100%
2025-05-23,LONG,107318.3,111511.11,19.44,2456.73,100%
2025-05-24,LONG,107761.91,107741.54,0.55,2457.28,100%
2025-05-25,LONG,109004.19,109545.18,3.22,2460.51,100%
2025-05-26,SHORT,109434.79,109487.7,0.63,2461.13,100%
2025-05-27,SHORT,108938.17,108524.53,3.01,2464.14,100%
2025-05-28,SHORT,107781.78,107796.0,0.59,2464.73,100%
2025-05-29,SHORT,105589.75,105619.05,0.63,2465.36,100%
2025-05-30,LONG,103985.48,106095.23,8.61,2473.97,100%
2025-05-31,SHORT,104591.88,104127.28,3.19,2477.16,100%
2025-06-01,SHORT,105642.93,104591.9,5.54,2482.7,100%
